Asset,Model,MSE
ETTh1,ARIMA,0.007734442415672759
ETTh1,GRU,0.029388124123215675
ETTh1,CD-KAN,0.1886855512857437
ETTh2,ARIMA,0.07924754243811924
ETTh2,GRU,0.02916662022471428
ETTh2,CD-KAN,0.044210657477378845
ETTm1_sub,ARIMA,0.010426380912786271
ETTm1_sub,GRU,0.006566013675183058
ETTm1_sub,CD-KAN,0.13847990334033966
