Asset,Model,MSE
ETTh1,GRU,0.006264493
ETTh1,CD-KAN,0.034351233
ETTh2,GRU,0.015590472
ETTh2,CD-KAN,0.025660533
ETTm1_sub,GRU,0.0069260253
ETTm1_sub,CD-KAN,0.0051071546
WTI,GRU,0.006215197
WTI,CD-KAN,0.011280641
