Model,MSE,MAE
LSTM,0.32553502917289734,0.5150420069694519
TSMixer,0.023849261924624443,0.12368416786193848
Naive KAN,0.14532645046710968,0.32904770970344543
ADA-KAN,1.5950449705123901,0.9873771667480469
CD-KAN,0.07722204178571701,0.22437164187431335
