Model,MSE,MAE
LSTM,0.06198997423052788,0.21201714873313904
TSMixer,0.01784718967974186,0.10791030526161194
Naive KAN,0.054956696927547455,0.18286415934562683
ADA-KAN,0.2879505157470703,0.41329118609428406
CD-KAN,0.0008267053635790944,0.020311495289206505
