Model,F1,Precision,Recall,SHD
VAR-Lasso,0.7272727272727273,0.6153846153846154,0.8888888888888888,6.0
Correlation,0.48,0.375,0.6666666666666666,13.0
CD-KAN,0.5161290322580645,0.36363636363636365,0.8888888888888888,15.0
