,GLD,WTI,DXY,SPX,BTC,SLV,COPPER,NG
GLD,0.8817548,0.8802503,0.8798888,0.88178784,0.88173944,0.88174534,0.8817687,0.8817414
WTI,0.87997085,0.8798884,0.8800065,0.88155,0.8799535,0.8799533,0.88167846,0.8798588
DXY,0.87987715,0.8799522,0.8817413,0.88167065,0.87993574,0.8812332,0.8799899,0.8817977
SPX,0.8816881,0.87990445,0.8799498,0.87991583,0.8799724,0.87996024,0.87995744,0.87996596
BTC,0.8801085,0.8816945,0.8800693,0.88018876,0.8800518,0.8799329,0.88135546,0.8801471
SLV,0.8815882,0.8816688,0.8802278,0.879967,0.88170516,0.8800072,0.8816105,0.8799475
COPPER,0.8798849,0.8801518,0.8797783,0.88180673,0.8809217,0.88133645,0.8812048,0.8798805
NG,0.88156563,0.8811572,0.87979907,0.8800747,0.88161135,0.8815762,0.8814945,0.87974536
