,GLD,WTI,DXY,SPX,BTC,SLV,COPPER,NG
GLD,0.86843103,0.8681434,0.8683309,0.86834294,0.8681688,0.86877894,0.8688351,0.8677499
WTI,0.8694519,0.8685822,0.8678645,0.86872244,0.8677616,0.86814344,0.8690012,0.86928344
DXY,0.86921537,0.86831313,0.8686023,0.8685657,0.8676884,0.8673717,0.867589,0.8682187
SPX,0.8687292,0.86778206,0.8687887,0.86875,0.86880857,0.8686613,0.86793756,0.86774105
BTC,0.86771566,0.8681316,0.8679297,0.86903083,0.86730593,0.8687062,0.87015253,0.8682804
SLV,0.86830986,0.8680382,0.8682723,0.8689033,0.8681501,0.8682458,0.86893785,0.8685155
COPPER,0.8695993,0.8693782,0.8695484,0.8674899,0.8689925,0.86909336,0.8687136,0.86836576
NG,0.86938024,0.8683292,0.8682419,0.86919373,0.86891437,0.8692335,0.86762583,0.8688849
