date,FEDFUNDS_D,T10Y,T2Y,T3M,DXY,SPX,WTI,VIX
2016-07-18,0.4,1.59,0.68,0.32,112.2463,2166.89,45.23,12.44
2016-07-19,0.4,1.56,0.7,0.31,112.638,2163.78,44.64,11.97
2016-07-20,0.4,1.59,0.73,0.32,112.6743,2173.02,44.96,11.77
2016-07-21,0.4,1.57,0.7,0.32,112.6239,2165.17,43.96,12.74
2016-07-22,0.4,1.57,0.71,0.33,112.989,2175.03,43.41,12.02
2016-07-23,0.4,1.57,0.71,0.33,112.989,2175.03,43.41,12.02
2016-07-24,0.4,1.57,0.71,0.33,112.989,2175.03,43.41,12.02
2016-07-25,0.4,1.58,0.72,0.32,113.1784,2168.48,42.4,12.87
2016-07-26,0.4,1.57,0.75,0.31,113.0593,2169.18,42.16,13.05
2016-07-27,0.4,1.52,0.73,0.31,113.217,2166.58,41.9,12.83
2016-07-28,0.4,1.52,0.72,0.25,112.7393,2170.06,41.13,12.72
2016-07-29,0.3,1.46,0.67,0.28,111.874,2173.6,41.54,11.87
2016-07-30,0.3,1.46,0.67,0.28,111.874,2173.6,41.54,11.87
2016-07-31,0.3,1.46,0.67,0.28,111.874,2173.6,41.54,11.87
2016-08-01,0.4,1.51,0.67,0.29,111.9757,2170.84,40.05,12.44
2016-08-02,0.4,1.55,0.67,0.29,111.7124,2157.03,39.5,13.37
2016-08-03,0.4,1.55,0.67,0.28,111.9419,2163.79,40.8,12.86
2016-08-04,0.4,1.51,0.64,0.26,111.9149,2164.25,41.92,12.42
2016-08-05,0.4,1.59,0.72,0.28,112.3589,2182.87,41.83,11.39
2016-08-06,0.4,1.59,0.72,0.28,112.3589,2182.87,41.83,11.39
2016-08-07,0.4,1.59,0.72,0.28,112.3589,2182.87,41.83,11.39
2016-08-08,0.4,1.59,0.74,0.31,112.1456,2180.89,43.06,11.5
2016-08-09,0.4,1.55,0.71,0.29,111.722,2181.74,42.78,11.66
2016-08-10,0.4,1.5,0.69,0.28,111.3238,2175.49,41.75,12.05
2016-08-11,0.4,1.57,0.76,0.28,111.1954,2185.79,43.51,11.68
2016-08-12,0.4,1.51,0.71,0.29,111.1787,2184.05,44.47,11.55
2016-08-13,0.4,1.51,0.71,0.29,111.1787,2184.05,44.47,11.55
2016-08-14,0.4,1.51,0.71,0.29,111.1787,2184.05,44.47,11.55
2016-08-15,0.4,1.55,0.72,0.31,110.9212,2190.15,45.72,11.81
2016-08-16,0.4,1.57,0.76,0.27,110.4295,2178.15,46.57,12.64
2016-08-17,0.4,1.56,0.74,0.3,110.9459,2182.22,46.81,12.19
2016-08-18,0.4,1.53,0.71,0.3,110.3134,2187.02,48.2,11.43
2016-08-19,0.4,1.58,0.76,0.3,110.8163,2183.87,48.48,11.34
2016-08-20,0.4,1.58,0.76,0.3,110.8163,2183.87,48.48,11.34
2016-08-21,0.4,1.58,0.76,0.3,110.8163,2183.87,48.48,11.34
2016-08-22,0.4,1.55,0.76,0.29,110.9997,2182.64,46.8,12.27
2016-08-23,0.4,1.55,0.74,0.3,110.9414,2186.9,47.54,12.38
2016-08-24,0.4,1.56,0.76,0.31,111.2958,2175.44,46.29,13.45
2016-08-25,0.4,1.58,0.78,0.33,111.1726,2172.47,46.97,13.63
2016-08-26,0.4,1.62,0.84,0.34,111.2035,2169.04,47.64,13.65
2016-08-27,0.4,1.62,0.84,0.34,111.2035,2169.04,47.64,13.65
2016-08-28,0.4,1.62,0.84,0.34,111.2035,2169.04,47.64,13.65
2016-08-29,0.4,1.57,0.81,0.33,111.8775,2180.38,46.97,12.94
2016-08-30,0.4,1.57,0.8,0.33,112.2928,2176.12,46.32,13.12
2016-08-31,0.3,1.58,0.8,0.33,112.4036,2170.95,44.68,13.42
2016-09-01,0.4,1.57,0.78,0.33,112.1733,2170.86,43.17,13.48
2016-09-02,0.4,1.6,0.8,0.33,112.0009,2179.98,44.39,11.98
2016-09-03,0.4,1.6,0.8,0.33,112.0009,2179.98,44.39,11.98
2016-09-04,0.4,1.6,0.8,0.33,112.0009,2179.98,44.39,11.98
2016-09-05,0.4,1.6,0.8,0.33,112.0009,2179.98,44.39,11.98
2016-09-06,0.4,1.55,0.74,0.32,110.9613,2186.48,44.85,12.02
2016-09-07,0.4,1.54,0.74,0.34,110.9717,2186.16,45.47,11.94
2016-09-08,0.4,1.61,0.78,0.35,111.2609,2181.3,47.63,12.51
2016-09-09,0.4,1.67,0.79,0.35,111.9879,2127.81,45.88,17.5
2016-09-10,0.4,1.67,0.79,0.35,111.9879,2127.81,45.88,17.5
2016-09-11,0.4,1.67,0.79,0.35,111.9879,2127.81,45.88,17.5
2016-09-12,0.4,1.68,0.79,0.37,112.1516,2159.04,46.28,15.16
2016-09-13,0.4,1.73,0.8,0.36,112.5207,2127.02,44.91,17.85
2016-09-14,0.4,1.7,0.77,0.33,112.4678,2125.77,43.62,18.14
2016-09-15,0.4,1.71,0.74,0.29,112.4753,2147.26,43.85,16.3
2016-09-16,0.4,1.7,0.77,0.3,113.1765,2139.16,43.04,15.37
2016-09-17,0.4,1.7,0.77,0.3,113.1765,2139.16,43.04,15.37
2016-09-18,0.4,1.7,0.77,0.3,113.1765,2139.16,43.04,15.37
2016-09-19,0.4,1.7,0.79,0.3,112.903,2139.12,43.34,15.53
2016-09-20,0.4,1.69,0.79,0.3,113.1848,2139.76,43.85,15.92
2016-09-21,0.4,1.66,0.79,0.22,112.9842,2163.12,45.33,13.3
2016-09-22,0.4,1.63,0.79,0.18,112.2592,2177.18,46.1,12.02
2016-09-23,0.4,1.62,0.77,0.18,112.7166,2164.69,44.36,12.29
2016-09-24,0.4,1.62,0.77,0.18,112.7166,2164.69,44.36,12.29
2016-09-25,0.4,1.62,0.77,0.18,112.7166,2164.69,44.36,12.29
2016-09-26,0.4,1.59,0.76,0.25,112.7112,2146.1,45.6,14.5
2016-09-27,0.4,1.56,0.75,0.26,112.5515,2159.93,44.65,13.1
2016-09-28,0.4,1.57,0.75,0.27,112.6283,2171.37,47.07,12.39
2016-09-29,0.4,1.56,0.73,0.26,112.2879,2151.13,47.72,14.02
2016-09-30,0.29,1.6,0.77,0.29,112.2795,2168.27,47.72,13.29
2016-10-01,0.29,1.6,0.77,0.29,112.2795,2168.27,47.72,13.29
2016-10-02,0.29,1.6,0.77,0.29,112.2795,2168.27,47.72,13.29
2016-10-03,0.4,1.63,0.8,0.32,112.5077,2161.2,48.8,13.57
2016-10-04,0.4,1.69,0.82,0.33,112.6579,2150.49,48.67,13.63
2016-10-05,0.4,1.72,0.85,0.32,112.7946,2159.73,49.75,12.99
2016-10-06,0.4,1.75,0.86,0.33,113.0066,2160.77,50.44,12.84
2016-10-07,0.4,1.73,0.83,0.33,113.2915,2153.74,49.76,13.48
2016-10-08,0.4,1.73,0.83,0.33,113.2915,2153.74,49.76,13.48
2016-10-09,0.4,1.73,0.83,0.33,113.2915,2153.74,49.76,13.48
2016-10-10,0.4,1.73,0.83,0.33,113.2915,2163.66,49.76,13.38
2016-10-11,0.41,1.77,0.87,0.35,113.4461,2136.73,50.72,15.36
2016-10-12,0.41,1.79,0.87,0.37,113.7442,2139.18,50.14,15.91
2016-10-13,0.41,1.75,0.85,0.3,113.6238,2132.55,50.47,16.69
2016-10-14,0.41,1.8,0.84,0.32,113.7119,2132.98,50.35,16.12
2016-10-15,0.41,1.8,0.84,0.32,113.7119,2132.98,50.35,16.12
2016-10-16,0.41,1.8,0.84,0.32,113.7119,2132.98,50.35,16.12
2016-10-17,0.41,1.77,0.81,0.34,113.5488,2126.5,49.97,16.21
2016-10-18,0.41,1.75,0.82,0.34,113.1393,2139.6,50.3,15.28
2016-10-19,0.41,1.76,0.81,0.35,113.0547,2144.29,51.59,14.41
2016-10-20,0.41,1.76,0.84,0.35,113.4033,2141.34,50.31,13.75
2016-10-21,0.41,1.74,0.84,0.34,113.9015,2141.16,50.61,13.34
2016-10-22,0.41,1.74,0.84,0.34,113.9015,2141.16,50.61,13.34
2016-10-23,0.41,1.74,0.84,0.34,113.9015,2141.16,50.61,13.34
2016-10-24,0.41,1.77,0.84,0.33,113.8571,2151.33,50.18,13.02
2016-10-25,0.41,1.77,0.86,0.34,113.6801,2143.16,49.45,13.46
2016-10-26,0.41,1.79,0.86,0.33,113.8131,2139.43,48.75,14.24
2016-10-27,0.41,1.85,0.87,0.3,114.1998,2133.04,49.71,15.36
2016-10-28,0.41,1.86,0.86,0.3,114.0931,2126.41,48.72,16.19
2016-10-29,0.41,1.86,0.86,0.3,114.0931,2126.41,48.72,16.19
2016-10-30,0.41,1.86,0.86,0.3,114.0931,2126.41,48.72,16.19
2016-10-31,0.31,1.84,0.86,0.34,114.0188,2126.15,46.83,17.06
2016-11-01,0.41,1.83,0.83,0.35,113.9915,2111.72,46.66,18.56
2016-11-02,0.41,1.81,0.81,0.37,113.9206,2097.94,45.32,19.32
2016-11-03,0.41,1.82,0.81,0.38,113.7664,2088.66,44.66,22.08
2016-11-04,0.41,1.79,0.8,0.38,113.5828,2085.18,44.07,22.51
2016-11-05,0.41,1.79,0.8,0.38,113.5828,2085.18,44.07,22.51
2016-11-06,0.41,1.79,0.8,0.38,113.5828,2085.18,44.07,22.51
2016-11-07,0.41,1.83,0.82,0.41,113.5443,2131.52,44.88,18.71
2016-11-08,0.41,1.88,0.87,0.43,113.3017,2139.56,44.96,18.74
2016-11-09,0.41,2.07,0.9,0.45,114.6956,2163.26,45.2,14.38
2016-11-10,0.41,2.15,0.92,0.48,115.9375,2167.48,44.62,14.74
2016-11-11,0.41,2.15,0.92,0.48,115.9375,2164.45,43.39,14.17
2016-11-12,0.41,2.15,0.92,0.48,115.9375,2164.45,43.39,14.17
2016-11-13,0.41,2.15,0.92,0.48,115.9375,2164.45,43.39,14.17
2016-11-14,0.41,2.23,1.0,0.55,117.2245,2164.2,43.29,14.48
2016-11-15,0.41,2.23,1.02,0.51,116.7724,2180.39,45.86,13.37
2016-11-16,0.41,2.22,1.0,0.47,116.8062,2176.94,45.56,13.72
2016-11-17,0.41,2.29,1.04,0.44,116.8952,2187.12,45.37,13.35
2016-11-18,0.41,2.34,1.07,0.44,117.5936,2181.9,45.69,12.85
2016-11-19,0.41,2.34,1.07,0.44,117.5936,2181.9,45.69,12.85
2016-11-20,0.41,2.34,1.07,0.44,117.5936,2181.9,45.69,12.85
2016-11-21,0.41,2.33,1.08,0.46,117.4762,2198.18,47.48,12.42
2016-11-22,0.41,2.31,1.07,0.49,117.4508,2202.94,48.07,12.41
2016-11-23,0.41,2.36,1.12,0.51,118.0356,2204.72,46.72,12.43
2016-11-24,0.41,2.36,1.12,0.51,118.0356,2204.72,46.72,12.43
2016-11-25,0.41,2.36,1.12,0.49,118.02,2213.35,46.72,12.34
2016-11-26,0.41,2.36,1.12,0.49,118.02,2213.35,46.72,12.34
2016-11-27,0.41,2.36,1.12,0.49,118.02,2213.35,46.72,12.34
2016-11-28,0.41,2.32,1.11,0.48,117.7278,2201.72,45.66,13.15
2016-11-29,0.41,2.3,1.09,0.48,117.644,2204.66,45.29,12.9
2016-11-30,0.31,2.37,1.11,0.48,117.7636,2198.81,49.41,13.33
2016-12-01,0.41,2.45,1.14,0.48,117.6642,2191.08,51.08,14.07
2016-12-02,0.41,2.4,1.11,0.49,117.3116,2191.95,51.7,14.12
2016-12-03,0.41,2.4,1.11,0.49,117.3116,2191.95,51.7,14.12
2016-12-04,0.41,2.4,1.11,0.49,117.3116,2191.95,51.7,14.12
2016-12-05,0.41,2.39,1.13,0.49,117.1008,2204.71,51.72,12.14
2016-12-06,0.41,2.39,1.12,0.49,116.9225,2212.23,50.95,11.79
2016-12-07,0.41,2.34,1.1,0.52,116.672,2241.35,49.85,12.22
2016-12-08,0.41,2.4,1.12,0.51,117.0327,2246.19,50.84,12.64
2016-12-09,0.41,2.47,1.15,0.54,117.2834,2259.53,51.51,11.75
2016-12-10,0.41,2.47,1.15,0.54,117.2834,2259.53,51.51,11.75
2016-12-11,0.41,2.47,1.15,0.54,117.2834,2259.53,51.51,11.75
2016-12-12,0.41,2.49,1.15,0.51,116.9161,2256.96,52.74,12.64
2016-12-13,0.41,2.48,1.17,0.54,116.8029,2271.72,52.99,12.72
2016-12-14,0.41,2.54,1.27,0.55,116.7332,2253.28,51.01,13.19
2016-12-15,0.66,2.6,1.29,0.51,118.8072,2262.03,50.9,12.79
2016-12-16,0.66,2.6,1.28,0.51,118.3584,2258.07,51.93,12.2
2016-12-17,0.66,2.6,1.28,0.51,118.3584,2258.07,51.93,12.2
2016-12-18,0.66,2.6,1.28,0.51,118.3584,2258.07,51.93,12.2
2016-12-19,0.66,2.54,1.24,0.52,118.3875,2262.53,52.13,11.71
2016-12-20,0.66,2.57,1.25,0.52,118.63,2270.76,52.22,11.45
2016-12-21,0.66,2.55,1.21,0.52,118.581,2265.18,51.44,11.27
2016-12-22,0.66,2.55,1.22,0.51,118.8209,2260.96,51.98,11.43
2016-12-23,0.66,2.55,1.22,0.52,118.7856,2263.79,52.01,11.44
2016-12-24,0.66,2.55,1.22,0.52,118.7856,2263.79,52.01,11.44
2016-12-25,0.66,2.55,1.22,0.52,118.7856,2263.79,52.01,11.44
2016-12-26,0.66,2.55,1.22,0.52,118.7856,2263.79,52.01,11.44
2016-12-27,0.66,2.57,1.28,0.51,118.9506,2268.88,52.82,11.99
2016-12-28,0.66,2.51,1.26,0.53,119.2305,2249.92,54.01,12.95
2016-12-29,0.66,2.49,1.22,0.47,118.6637,2249.26,53.8,13.37
2016-12-30,0.55,2.45,1.2,0.51,118.3466,2238.83,53.75,14.04
2016-12-31,0.55,2.45,1.2,0.51,118.3466,2238.83,53.75,14.04
2017-01-01,0.55,2.45,1.2,0.51,118.3466,2238.83,53.75,14.04
2017-01-02,0.55,2.45,1.2,0.51,118.3466,2238.83,53.75,14.04
2017-01-03,0.66,2.45,1.22,0.53,119.0903,2257.83,52.36,12.85
2017-01-04,0.66,2.46,1.24,0.53,118.8803,2270.75,53.26,11.85
2017-01-05,0.66,2.37,1.17,0.52,117.9999,2269.0,53.77,11.67
2017-01-06,0.66,2.42,1.22,0.53,118.3495,2276.98,53.98,11.32
2017-01-07,0.66,2.42,1.22,0.53,118.3495,2276.98,53.98,11.32
2017-01-08,0.66,2.42,1.22,0.53,118.3495,2276.98,53.98,11.32
2017-01-09,0.66,2.38,1.21,0.5,118.4111,2268.9,51.95,11.56
2017-01-10,0.66,2.38,1.19,0.52,118.5386,2268.9,50.82,11.49
2017-01-11,0.66,2.38,1.2,0.52,119.0219,2275.32,52.19,11.26
2017-01-12,0.66,2.36,1.18,0.52,117.8001,2270.44,53.01,11.54
2017-01-13,0.66,2.4,1.21,0.53,117.9884,2274.64,52.36,11.23
2017-01-14,0.66,2.4,1.21,0.53,117.9884,2274.64,52.36,11.23
2017-01-15,0.66,2.4,1.21,0.53,117.9884,2274.64,52.36,11.23
2017-01-16,0.66,2.4,1.21,0.53,117.9884,2274.64,52.36,11.23
2017-01-17,0.66,2.33,1.17,0.55,117.2656,2267.89,52.45,11.87
2017-01-18,0.66,2.42,1.23,0.53,117.7242,2271.89,51.12,12.48
2017-01-19,0.66,2.47,1.25,0.52,118.3182,2263.69,51.39,12.78
2017-01-20,0.66,2.48,1.2,0.5,118.3182,2271.31,52.33,11.54
2017-01-21,0.66,2.48,1.2,0.5,118.3182,2271.31,52.33,11.54
2017-01-22,0.66,2.48,1.2,0.5,118.3182,2271.31,52.33,11.54
2017-01-23,0.66,2.41,1.16,0.51,117.2479,2265.2,52.77,11.77
2017-01-24,0.66,2.47,1.21,0.51,117.0516,2280.07,52.38,11.07
2017-01-25,0.66,2.53,1.23,0.5,116.9355,2298.37,52.14,10.81
2017-01-26,0.66,2.51,1.21,0.51,117.2766,2296.68,53.24,10.63
2017-01-27,0.66,2.49,1.22,0.52,117.0735,2294.69,53.18,10.58
2017-01-28,0.66,2.49,1.22,0.52,117.0735,2294.69,53.18,10.58
2017-01-29,0.66,2.49,1.22,0.52,117.0735,2294.69,53.18,10.58
2017-01-30,0.66,2.49,1.22,0.51,116.7325,2280.9,52.63,11.88
2017-01-31,0.56,2.45,1.19,0.52,116.2241,2278.87,52.75,11.99
2017-02-01,0.66,2.48,1.22,0.51,116.3914,2279.55,53.9,11.81
2017-02-02,0.66,2.48,1.21,0.52,115.903,2280.85,53.55,11.93
2017-02-03,0.66,2.49,1.21,0.51,115.6259,2297.42,53.81,10.97
2017-02-04,0.66,2.49,1.21,0.51,115.6259,2297.42,53.81,10.97
2017-02-05,0.66,2.49,1.21,0.51,115.6259,2297.42,53.81,10.97
2017-02-06,0.66,2.42,1.16,0.53,116.0504,2292.56,53.01,11.37
2017-02-07,0.66,2.4,1.16,0.53,116.4082,2293.08,52.19,11.29
2017-02-08,0.66,2.34,1.15,0.54,116.1382,2294.67,52.37,11.45
2017-02-09,0.66,2.4,1.2,0.54,116.306,2307.87,52.99,10.88
2017-02-10,0.66,2.41,1.2,0.55,116.148,2316.1,53.84,10.85
2017-02-11,0.66,2.41,1.2,0.55,116.148,2316.1,53.84,10.85
2017-02-12,0.66,2.41,1.2,0.55,116.148,2316.1,53.84,10.85
2017-02-13,0.66,2.43,1.2,0.52,116.3427,2328.25,52.96,11.07
2017-02-14,0.66,2.47,1.25,0.54,116.3949,2337.58,53.21,10.74
2017-02-15,0.66,2.51,1.27,0.54,116.2162,2349.25,53.11,11.97
2017-02-16,0.66,2.45,1.22,0.53,116.0067,2347.22,53.41,11.76
2017-02-17,0.66,2.42,1.21,0.53,116.4035,2351.16,53.41,11.49
2017-02-18,0.66,2.42,1.21,0.53,116.4035,2351.16,53.41,11.49
2017-02-19,0.66,2.42,1.21,0.53,116.4035,2351.16,53.41,11.49
2017-02-20,0.66,2.42,1.21,0.53,116.4035,2351.16,53.41,11.49
2017-02-21,0.66,2.43,1.22,0.53,116.5921,2365.38,54.02,11.57
2017-02-22,0.66,2.42,1.22,0.52,116.2136,2362.82,53.61,11.74
2017-02-23,0.66,2.38,1.18,0.51,115.6527,2363.81,54.48,11.71
2017-02-24,0.66,2.31,1.12,0.52,115.8143,2367.34,53.99,11.47
2017-02-25,0.66,2.31,1.12,0.52,115.8143,2367.34,53.99,11.47
2017-02-26,0.66,2.31,1.12,0.52,115.8143,2367.34,53.99,11.47
2017-02-27,0.66,2.36,1.2,0.5,115.6764,2369.75,54.04,12.09
2017-02-28,0.57,2.36,1.22,0.53,116.0032,2363.64,54.0,12.92
2017-03-01,0.66,2.46,1.29,0.63,116.438,2395.96,53.82,12.54
2017-03-02,0.66,2.49,1.32,0.67,116.8429,2381.92,52.63,11.81
2017-03-03,0.66,2.49,1.32,0.71,116.6438,2383.12,53.33,10.96
2017-03-04,0.66,2.49,1.32,0.71,116.6438,2383.12,53.33,10.96
2017-03-05,0.66,2.49,1.32,0.71,116.6438,2383.12,53.33,10.96
2017-03-06,0.66,2.49,1.31,0.74,116.4313,2375.31,53.19,11.24
2017-03-07,0.66,2.52,1.32,0.76,116.4303,2368.39,52.68,11.45
2017-03-08,0.66,2.57,1.36,0.73,116.875,2362.98,49.83,11.86
2017-03-09,0.66,2.6,1.37,0.73,116.9959,2364.87,48.75,12.3
2017-03-10,0.66,2.58,1.36,0.75,116.616,2372.6,48.05,11.66
2017-03-11,0.66,2.58,1.36,0.75,116.616,2372.6,48.05,11.66
2017-03-12,0.66,2.58,1.36,0.75,116.616,2372.6,48.05,11.66
2017-03-13,0.66,2.62,1.4,0.79,116.4004,2373.47,47.95,11.35
2017-03-14,0.66,2.6,1.4,0.78,116.5646,2365.45,47.24,12.3
2017-03-15,0.66,2.51,1.33,0.73,116.3584,2385.26,48.34,11.63
2017-03-16,0.91,2.53,1.35,0.73,115.4456,2381.38,48.3,11.21
2017-03-17,0.91,2.5,1.33,0.73,115.2783,2378.25,48.34,11.28
2017-03-18,0.91,2.5,1.33,0.73,115.2783,2378.25,48.34,11.28
2017-03-19,0.91,2.5,1.33,0.73,115.2783,2378.25,48.34,11.28
2017-03-20,0.91,2.47,1.3,0.76,115.0426,2373.47,47.79,11.34
2017-03-21,0.91,2.43,1.27,0.77,114.8119,2344.02,47.02,12.47
2017-03-22,0.91,2.4,1.27,0.77,114.7937,2348.45,47.29,12.81
2017-03-23,0.91,2.41,1.26,0.76,114.7899,2345.96,47.0,13.12
2017-03-24,0.91,2.4,1.26,0.78,114.6372,2343.98,47.3,12.96
2017-03-25,0.91,2.4,1.26,0.78,114.6372,2343.98,47.3,12.96
2017-03-26,0.91,2.4,1.26,0.78,114.6372,2343.98,47.3,12.96
2017-03-27,0.91,2.38,1.27,0.78,114.2347,2341.59,47.02,12.5
2017-03-28,0.91,2.42,1.3,0.78,114.419,2358.57,48.36,11.53
2017-03-29,0.91,2.39,1.26,0.78,114.7167,2361.13,49.47,11.42
2017-03-30,0.91,2.42,1.28,0.78,114.5245,2368.06,50.3,11.54
2017-03-31,0.82,2.4,1.27,0.76,114.7938,2362.72,50.54,12.37
2017-04-01,0.82,2.4,1.27,0.76,114.7938,2362.72,50.54,12.37
2017-04-02,0.82,2.4,1.27,0.76,114.7938,2362.72,50.54,12.37
2017-04-03,0.91,2.35,1.24,0.79,114.8734,2358.84,50.25,12.38
2017-04-04,0.91,2.36,1.25,0.79,115.0038,2360.16,50.99,11.79
2017-04-05,0.91,2.34,1.24,0.8,114.9494,2352.95,51.14,12.89
2017-04-06,0.91,2.34,1.24,0.79,115.0181,2357.49,51.69,12.39
2017-04-07,0.91,2.38,1.29,0.82,115.0547,2355.54,52.25,12.87
2017-04-08,0.91,2.38,1.29,0.82,115.0547,2355.54,52.25,12.87
2017-04-09,0.91,2.38,1.29,0.82,115.0547,2355.54,52.25,12.87
2017-04-10,0.91,2.37,1.29,0.82,115.11,2357.16,53.06,14.05
2017-04-11,0.91,2.32,1.24,0.82,115.009,2353.78,53.38,15.07
2017-04-12,0.91,2.28,1.24,0.81,114.9162,2344.93,53.12,15.77
2017-04-13,0.91,2.24,1.21,0.81,114.5059,2328.95,53.19,15.96
2017-04-14,0.91,2.24,1.21,0.81,114.5368,2328.95,53.19,15.96
2017-04-15,0.91,2.24,1.21,0.81,114.5368,2328.95,53.19,15.96
2017-04-16,0.91,2.24,1.21,0.81,114.5368,2328.95,53.19,15.96
2017-04-17,0.91,2.26,1.21,0.83,114.3283,2349.01,52.62,14.66
2017-04-18,0.91,2.18,1.18,0.82,114.2575,2342.19,52.46,14.42
2017-04-19,0.91,2.21,1.19,0.81,114.7923,2338.17,50.49,14.93
2017-04-20,0.91,2.24,1.21,0.79,114.6205,2355.84,50.26,14.15
2017-04-21,0.91,2.24,1.2,0.79,114.8128,2348.69,49.64,14.63
2017-04-22,0.91,2.24,1.2,0.79,114.8128,2348.69,49.64,14.63
2017-04-23,0.91,2.24,1.2,0.79,114.8128,2348.69,49.64,14.63
2017-04-24,0.91,2.28,1.25,0.81,114.3659,2374.15,48.9,10.84
2017-04-25,0.91,2.35,1.29,0.82,114.5111,2388.61,49.22,10.76
2017-04-26,0.91,2.32,1.28,0.83,114.9479,2387.45,49.22,10.85
2017-04-27,0.91,2.3,1.25,0.81,114.9946,2388.77,48.96,10.36
2017-04-28,0.83,2.29,1.28,0.8,114.7877,2384.2,49.31,10.82
2017-04-29,0.83,2.29,1.28,0.8,114.7877,2384.2,49.31,10.82
2017-04-30,0.83,2.29,1.28,0.8,114.7877,2384.2,49.31,10.82
2017-05-01,0.91,2.33,1.28,0.83,114.5921,2388.33,48.83,10.11
2017-05-02,0.91,2.29,1.27,0.82,114.6792,2391.17,47.65,10.59
2017-05-03,0.91,2.33,1.3,0.85,114.6637,2388.13,47.79,10.68
2017-05-04,0.91,2.36,1.32,0.86,114.9076,2389.52,45.55,10.46
2017-05-05,0.91,2.36,1.32,0.9,114.7725,2399.29,46.23,10.57
2017-05-06,0.91,2.36,1.32,0.9,114.7725,2399.29,46.23,10.57
2017-05-07,0.91,2.36,1.32,0.9,114.7725,2399.29,46.23,10.57
2017-05-08,0.91,2.39,1.33,0.91,115.0895,2399.38,46.46,9.77
2017-05-09,0.91,2.42,1.37,0.91,115.3933,2396.92,45.84,9.96
2017-05-10,0.91,2.41,1.35,0.9,115.1145,2399.63,47.28,10.21
2017-05-11,0.91,2.39,1.35,0.89,115.0669,2394.44,47.81,10.6
2017-05-12,0.91,2.33,1.29,0.88,114.7479,2390.9,47.83,10.4
2017-05-13,0.91,2.33,1.29,0.88,114.7479,2390.9,47.83,10.4
2017-05-14,0.91,2.33,1.29,0.88,114.7479,2390.9,47.83,10.4
2017-05-15,0.91,2.34,1.31,0.9,114.3504,2402.32,48.86,10.42
2017-05-16,0.91,2.33,1.29,0.9,113.9923,2400.67,48.64,10.65
2017-05-17,0.91,2.22,1.26,0.9,113.7506,2357.03,49.04,15.59
2017-05-18,0.91,2.23,1.27,0.93,114.2683,2365.72,49.36,14.66
2017-05-19,0.91,2.23,1.28,0.92,113.7001,2381.73,50.32,12.04
2017-05-20,0.91,2.23,1.28,0.92,113.7001,2381.73,50.32,12.04
2017-05-21,0.91,2.23,1.28,0.92,113.7001,2381.73,50.32,12.04
2017-05-22,0.91,2.25,1.29,0.93,113.5442,2394.02,50.81,10.93
2017-05-23,0.91,2.29,1.31,0.92,113.6862,2398.42,51.12,10.72
2017-05-24,0.91,2.26,1.29,0.93,113.675,2404.39,50.99,10.02
2017-05-25,0.91,2.25,1.3,0.94,113.3719,2415.07,48.57,9.99
2017-05-26,0.91,2.25,1.3,0.94,113.4839,2415.82,49.58,9.81
2017-05-27,0.91,2.25,1.3,0.94,113.4839,2415.82,49.58,9.81
2017-05-28,0.91,2.25,1.3,0.94,113.4839,2415.82,49.58,9.81
2017-05-29,0.91,2.25,1.3,0.94,113.4839,2415.82,49.58,9.81
2017-05-30,0.91,2.21,1.28,0.93,113.5552,2412.91,49.63,10.38
2017-05-31,0.83,2.21,1.28,0.98,113.2956,2411.8,48.29,10.41
2017-06-01,0.91,2.21,1.28,0.98,113.3017,2430.06,48.32,9.89
2017-06-02,0.91,2.15,1.28,0.98,113.1908,2439.07,47.68,9.75
2017-06-03,0.91,2.15,1.28,0.98,113.1908,2439.07,47.68,9.75
2017-06-04,0.91,2.15,1.28,0.98,113.1908,2439.07,47.68,9.75
2017-06-05,0.91,2.18,1.32,0.96,112.9755,2436.1,47.4,10.07
2017-06-06,0.91,2.14,1.3,0.97,112.7095,2429.33,48.13,10.45
2017-06-07,0.91,2.18,1.32,1.0,112.8191,2433.14,45.8,10.39
2017-06-08,0.91,2.19,1.33,1.01,112.8351,2433.79,45.68,10.16
2017-06-09,0.91,2.21,1.35,1.01,112.9562,2431.77,45.82,10.7
2017-06-10,0.91,2.21,1.35,1.01,112.9562,2431.77,45.82,10.7
2017-06-11,0.91,2.21,1.35,1.01,112.9562,2431.77,45.82,10.7
2017-06-12,0.91,2.21,1.35,0.98,112.9837,2429.39,46.1,11.46
2017-06-13,0.91,2.21,1.38,1.0,112.6271,2440.35,46.41,10.42
2017-06-14,0.91,2.15,1.35,1.01,112.0734,2437.92,44.79,10.64
2017-06-15,1.16,2.16,1.35,1.02,112.8708,2432.46,44.47,10.9
2017-06-16,1.16,2.16,1.32,1.03,112.6155,2433.15,44.73,10.38
2017-06-17,1.16,2.16,1.32,1.03,112.6155,2433.15,44.73,10.38
2017-06-18,1.16,2.16,1.32,1.03,112.6155,2433.15,44.73,10.38
2017-06-19,1.16,2.19,1.36,1.02,112.7576,2453.46,44.24,10.37
2017-06-20,1.16,2.16,1.36,1.01,113.2698,2437.03,43.34,10.86
2017-06-21,1.16,2.16,1.36,0.99,113.3327,2435.61,42.48,10.75
2017-06-22,1.16,2.15,1.34,0.96,113.1654,2434.5,42.53,10.48
2017-06-23,1.16,2.15,1.34,0.97,112.8665,2438.3,42.86,10.02
2017-06-24,1.16,2.15,1.34,0.97,112.8665,2438.3,42.86,10.02
2017-06-25,1.16,2.15,1.34,0.97,112.8665,2438.3,42.86,10.02
2017-06-26,1.16,2.14,1.36,0.99,112.7633,2439.07,43.24,9.9
2017-06-27,1.16,2.21,1.38,1.0,112.55,2419.38,44.25,11.06
2017-06-28,1.16,2.22,1.34,1.02,112.0747,2440.69,44.74,10.03
2017-06-29,1.16,2.27,1.38,1.04,111.998,2419.7,44.88,11.44
2017-06-30,1.06,2.31,1.38,1.03,111.9896,2423.41,46.02,11.18
2017-07-01,1.06,2.31,1.38,1.03,111.9896,2423.41,46.02,11.18
2017-07-02,1.06,2.31,1.38,1.03,111.9896,2423.41,46.02,11.18
2017-07-03,1.16,2.35,1.41,1.06,112.4268,2429.01,46.02,11.22
2017-07-04,1.16,2.35,1.41,1.06,112.4268,2429.01,46.02,11.22
2017-07-05,1.16,2.33,1.41,1.05,112.6534,2432.54,45.11,11.07
2017-07-06,1.16,2.37,1.4,1.04,112.4199,2409.75,45.52,12.54
2017-07-07,1.16,2.39,1.4,1.05,112.3137,2425.18,44.25,11.19
2017-07-08,1.16,2.39,1.4,1.05,112.3137,2425.18,44.25,11.19
2017-07-09,1.16,2.39,1.4,1.05,112.3137,2425.18,44.25,11.19
2017-07-10,1.16,2.38,1.4,1.04,112.1587,2427.43,44.4,11.11
2017-07-11,1.16,2.37,1.37,1.05,112.1434,2425.53,45.06,10.89
2017-07-12,1.16,2.33,1.35,1.05,111.5904,2443.25,45.48,10.3
2017-07-13,1.16,2.35,1.37,1.05,111.5365,2447.83,46.06,9.9
2017-07-14,1.16,2.33,1.35,1.04,110.9075,2459.27,46.53,9.51
2017-07-15,1.16,2.33,1.35,1.04,110.9075,2459.27,46.53,9.51
2017-07-16,1.16,2.33,1.35,1.04,110.9075,2459.27,46.53,9.51
2017-07-17,1.16,2.31,1.36,1.07,110.9304,2459.14,46.02,9.82
2017-07-18,1.16,2.27,1.36,1.07,110.4356,2460.61,46.4,9.89
2017-07-19,1.16,2.27,1.37,1.11,110.4339,2473.83,47.1,9.79
2017-07-20,1.16,2.27,1.37,1.15,110.2512,2473.45,46.73,9.58
2017-07-21,1.16,2.24,1.36,1.16,110.191,2472.54,45.78,9.36
2017-07-22,1.16,2.24,1.36,1.16,110.191,2472.54,45.78,9.36
2017-07-23,1.16,2.24,1.36,1.16,110.191,2472.54,45.78,9.36
2017-07-24,1.16,2.26,1.37,1.17,110.2004,2469.91,46.21,9.43
2017-07-25,1.16,2.33,1.4,1.18,110.2835,2477.13,47.77,9.43
2017-07-26,1.16,2.29,1.36,1.13,110.3811,2477.83,48.58,9.6
2017-07-27,1.16,2.32,1.36,1.11,110.216,2475.42,49.05,10.11
2017-07-28,1.16,2.3,1.34,1.08,109.92,2472.1,49.72,10.29
2017-07-29,1.16,2.3,1.34,1.08,109.92,2472.1,49.72,10.29
2017-07-30,1.16,2.3,1.34,1.08,109.92,2472.1,49.72,10.29
2017-07-31,1.07,2.3,1.34,1.07,109.8177,2470.3,50.21,10.26
2017-08-01,1.16,2.26,1.34,1.08,109.8495,2476.35,49.19,10.09
2017-08-02,1.16,2.27,1.36,1.08,109.7503,2477.57,49.6,10.28
2017-08-03,1.16,2.24,1.34,1.08,109.8332,2472.16,49.03,10.44
2017-08-04,1.16,2.27,1.36,1.08,110.2808,2476.83,49.57,10.03
2017-08-05,1.16,2.27,1.36,1.08,110.2808,2476.83,49.57,10.03
2017-08-06,1.16,2.27,1.36,1.08,110.2808,2476.83,49.57,10.03
2017-08-07,1.16,2.26,1.36,1.02,110.373,2480.91,49.37,9.93
2017-08-08,1.16,2.29,1.36,1.06,110.396,2474.92,49.07,10.96
2017-08-09,1.16,2.24,1.33,1.06,110.3671,2474.02,49.59,11.11
2017-08-10,1.16,2.2,1.33,1.05,110.1886,2438.21,48.54,16.04
2017-08-11,1.16,2.19,1.3,1.03,110.0422,2441.32,48.81,15.51
2017-08-12,1.16,2.19,1.3,1.03,110.0422,2441.32,48.81,15.51
2017-08-13,1.16,2.19,1.3,1.03,110.0422,2441.32,48.81,15.51
2017-08-14,1.16,2.22,1.33,1.02,110.095,2465.84,47.59,12.33
2017-08-15,1.16,2.27,1.35,1.04,110.4846,2464.61,47.57,12.04
2017-08-16,1.16,2.23,1.33,1.02,110.4394,2468.11,46.8,11.74
2017-08-17,1.16,2.19,1.32,1.0,110.1673,2430.01,47.07,15.55
2017-08-18,1.16,2.19,1.33,1.02,110.041,2425.55,48.59,14.26
2017-08-19,1.16,2.19,1.33,1.02,110.041,2425.55,48.59,14.26
2017-08-20,1.16,2.19,1.33,1.02,110.041,2425.55,48.59,14.26
2017-08-21,1.16,2.18,1.32,1.0,109.7349,2428.37,47.39,13.19
2017-08-22,1.16,2.22,1.33,1.0,109.8386,2452.51,47.65,11.35
2017-08-23,1.16,2.17,1.32,1.0,109.8095,2444.04,48.45,12.25
2017-08-24,1.16,2.19,1.33,1.02,109.7524,2438.97,47.24,12.23
2017-08-25,1.16,2.17,1.35,1.03,109.3415,2443.05,47.65,11.28
2017-08-26,1.16,2.17,1.35,1.03,109.3415,2443.05,47.65,11.28
2017-08-27,1.16,2.17,1.35,1.03,109.3415,2443.05,47.65,11.28
2017-08-28,1.16,2.16,1.33,0.98,109.1815,2444.24,46.4,11.32
2017-08-29,1.16,2.13,1.33,1.03,109.0946,2446.3,46.46,11.7
2017-08-30,1.16,2.15,1.33,1.03,109.4052,2457.59,45.96,11.22
2017-08-31,1.07,2.12,1.33,1.01,109.3686,2471.65,47.26,10.59
2017-09-01,1.16,2.16,1.35,1.02,109.0504,2476.55,47.32,10.13
2017-09-02,1.16,2.16,1.35,1.02,109.0504,2476.55,47.32,10.13
2017-09-03,1.16,2.16,1.35,1.02,109.0504,2476.55,47.32,10.13
2017-09-04,1.16,2.16,1.35,1.02,109.0504,2476.55,47.32,10.13
2017-09-05,1.16,2.07,1.3,1.03,108.8664,2457.85,48.63,12.23
2017-09-06,1.16,2.1,1.3,1.07,108.4897,2465.54,49.13,11.63
2017-09-07,1.16,2.05,1.27,1.05,107.9224,2465.1,49.1,11.55
2017-09-08,1.16,2.06,1.27,1.04,107.808,2461.43,47.44,12.12
2017-09-09,1.16,2.06,1.27,1.04,107.808,2461.43,47.44,12.12
2017-09-10,1.16,2.06,1.27,1.04,107.808,2461.43,47.44,12.12
2017-09-11,1.16,2.14,1.32,1.05,108.153,2488.11,48.06,10.73
2017-09-12,1.16,2.17,1.33,1.03,108.3239,2496.48,48.21,10.58
2017-09-13,1.16,2.2,1.35,1.04,108.6628,2498.37,49.3,10.5
2017-09-14,1.16,2.2,1.37,1.05,108.618,2495.62,49.86,10.44
2017-09-15,1.16,2.2,1.39,1.05,108.3147,2500.23,49.9,10.17
2017-09-16,1.16,2.2,1.39,1.05,108.3147,2500.23,49.9,10.17
2017-09-17,1.16,2.2,1.39,1.05,108.3147,2500.23,49.9,10.17
2017-09-18,1.16,2.23,1.4,1.05,108.6401,2503.87,49.88,10.15
2017-09-19,1.16,2.24,1.4,1.04,108.6142,2506.65,49.54,10.18
2017-09-20,1.16,2.28,1.45,1.04,108.4329,2508.24,50.29,9.78
2017-09-21,1.16,2.27,1.45,1.04,108.9267,2500.6,50.58,9.67
2017-09-22,1.16,2.26,1.46,1.03,108.7542,2502.22,50.33,9.59
2017-09-23,1.16,2.26,1.46,1.03,108.7542,2502.22,50.33,9.59
2017-09-24,1.16,2.26,1.46,1.03,108.7542,2502.22,50.33,9.59
2017-09-25,1.16,2.22,1.44,1.05,109.3302,2496.66,51.85,10.21
2017-09-26,1.16,2.24,1.45,1.06,109.7769,2496.84,51.59,10.17
2017-09-27,1.16,2.31,1.47,1.07,110.0722,2507.04,52.14,9.87
2017-09-28,1.16,2.31,1.45,1.06,110.2415,2510.06,51.62,9.55
2017-09-29,1.06,2.33,1.47,1.06,110.0867,2519.36,51.67,9.51
2017-09-30,1.06,2.33,1.47,1.06,110.0867,2519.36,51.67,9.51
2017-10-01,1.06,2.33,1.47,1.06,110.0867,2519.36,51.67,9.51
2017-10-02,1.16,2.34,1.49,1.01,110.3686,2529.12,50.59,9.45
2017-10-03,1.16,2.33,1.47,1.07,110.3281,2534.58,50.44,9.51
2017-10-04,1.16,2.33,1.47,1.08,110.2425,2537.74,50.0,9.63
2017-10-05,1.16,2.35,1.49,1.07,110.5823,2552.07,50.79,9.19
2017-10-06,1.16,2.37,1.54,1.07,110.7841,2549.33,49.34,9.65
2017-10-07,1.16,2.37,1.54,1.07,110.7841,2549.33,49.34,9.65
2017-10-08,1.16,2.37,1.54,1.07,110.7841,2549.33,49.34,9.65
2017-10-09,1.16,2.37,1.54,1.07,110.7841,2544.73,49.58,10.33
2017-10-10,1.16,2.35,1.51,1.08,110.3034,2550.64,50.93,10.08
2017-10-11,1.16,2.35,1.51,1.1,110.3037,2555.24,51.3,9.85
2017-10-12,1.16,2.33,1.51,1.09,110.3152,2550.93,50.61,9.91
2017-10-13,1.16,2.28,1.51,1.09,110.2669,2553.17,51.43,9.61
2017-10-14,1.16,2.28,1.51,1.09,110.2669,2553.17,51.43,9.61
2017-10-15,1.16,2.28,1.51,1.09,110.2669,2553.17,51.43,9.61
2017-10-16,1.16,2.3,1.54,1.1,110.5432,2557.64,51.86,9.91
2017-10-17,1.16,2.3,1.54,1.09,110.9141,2559.36,51.87,10.31
2017-10-18,1.16,2.34,1.59,1.09,110.7214,2561.26,52.05,10.07
2017-10-19,1.16,2.33,1.58,1.1,110.4577,2562.1,51.29,10.05
2017-10-20,1.16,2.39,1.6,1.11,111.0375,2575.21,51.63,9.97
2017-10-21,1.16,2.39,1.6,1.11,111.0375,2575.21,51.63,9.97
2017-10-22,1.16,2.39,1.6,1.11,111.0375,2575.21,51.63,9.97
2017-10-23,1.16,2.38,1.58,1.09,111.2134,2564.98,51.91,11.07
2017-10-24,1.16,2.42,1.6,1.12,111.4027,2569.13,52.32,11.16
2017-10-25,1.16,2.44,1.61,1.12,111.3904,2557.15,51.97,11.23
2017-10-26,1.16,2.46,1.63,1.11,111.6418,2560.4,52.41,11.3
2017-10-27,1.16,2.42,1.59,1.1,112.1495,2581.07,53.92,9.8
2017-10-28,1.16,2.42,1.59,1.1,112.1495,2581.07,53.92,9.8
2017-10-29,1.16,2.42,1.59,1.1,112.1495,2581.07,53.92,9.8
2017-10-30,1.16,2.37,1.58,1.12,111.901,2572.83,54.11,10.5
2017-10-31,1.07,2.38,1.6,1.15,111.8052,2575.26,54.36,10.18
2017-11-01,1.16,2.37,1.61,1.18,111.7942,2579.36,54.32,10.2
2017-11-02,1.16,2.35,1.61,1.17,111.5474,2579.85,54.55,9.93
2017-11-03,1.16,2.34,1.63,1.18,111.9383,2587.84,55.63,9.14
2017-11-04,1.16,2.34,1.63,1.18,111.9383,2587.84,55.63,9.14
2017-11-05,1.16,2.34,1.63,1.18,111.9383,2587.84,55.63,9.14
2017-11-06,1.16,2.32,1.61,1.19,111.7197,2591.13,57.34,9.4
2017-11-07,1.16,2.32,1.63,1.22,111.9446,2590.64,57.19,9.89
2017-11-08,1.16,2.32,1.65,1.23,111.6935,2594.38,56.82,9.78
2017-11-09,1.16,2.33,1.63,1.24,111.5626,2584.62,57.16,10.5
2017-11-10,1.16,2.4,1.67,1.23,111.5626,2582.3,56.75,11.29
2017-11-11,1.16,2.4,1.67,1.23,111.5626,2582.3,56.75,11.29
2017-11-12,1.16,2.4,1.67,1.23,111.5626,2582.3,56.75,11.29
2017-11-13,1.16,2.4,1.7,1.24,111.7833,2584.84,56.77,11.5
2017-11-14,1.16,2.38,1.68,1.26,111.5097,2578.87,55.67,11.59
2017-11-15,1.16,2.33,1.68,1.25,111.4809,2564.62,55.28,13.13
2017-11-16,1.16,2.37,1.72,1.27,111.2568,2585.64,55.14,11.76
2017-11-17,1.16,2.35,1.73,1.29,111.0016,2578.85,56.21,11.43
2017-11-18,1.16,2.35,1.73,1.29,111.0016,2578.85,56.21,11.43
2017-11-19,1.16,2.35,1.73,1.29,111.0016,2578.85,56.21,11.43
2017-11-20,1.16,2.37,1.77,1.3,111.2599,2582.14,56.21,10.65
2017-11-21,1.16,2.36,1.77,1.3,110.9828,2599.03,56.84,9.73
2017-11-22,1.16,2.32,1.74,1.29,110.5632,2597.08,57.88,9.88
2017-11-23,1.16,2.32,1.74,1.29,110.5632,2597.08,57.88,9.88
2017-11-24,1.16,2.34,1.75,1.29,110.0253,2602.42,58.94,9.67
2017-11-25,1.16,2.34,1.75,1.29,110.0253,2602.42,58.94,9.67
2017-11-26,1.16,2.34,1.75,1.29,110.0253,2602.42,58.94,9.67
2017-11-27,1.16,2.32,1.74,1.27,110.1136,2601.42,58.1,9.87
2017-11-28,1.16,2.34,1.75,1.3,110.3018,2627.04,57.96,10.03
2017-11-29,1.16,2.37,1.78,1.29,110.3265,2626.07,57.25,10.7
2017-11-30,1.07,2.42,1.78,1.27,110.4648,2647.58,57.4,11.28
2017-12-01,1.16,2.37,1.78,1.27,110.1413,2642.22,58.35,11.43
2017-12-02,1.16,2.37,1.78,1.27,110.1413,2642.22,58.35,11.43
2017-12-03,1.16,2.37,1.78,1.27,110.1413,2642.22,58.35,11.43
2017-12-04,1.16,2.37,1.8,1.29,110.397,2639.44,57.48,11.68
2017-12-05,1.16,2.36,1.83,1.3,110.4905,2629.57,57.66,11.33
2017-12-06,1.16,2.33,1.78,1.3,110.8711,2629.27,55.79,11.02
2017-12-07,1.16,2.37,1.8,1.29,111.0178,2636.98,56.5,10.16
2017-12-08,1.16,2.38,1.8,1.28,111.2273,2651.5,57.15,9.58
2017-12-09,1.16,2.38,1.8,1.28,111.2273,2651.5,57.15,9.58
2017-12-10,1.16,2.38,1.8,1.28,111.2273,2651.5,57.15,9.58
2017-12-11,1.16,2.39,1.82,1.33,111.0827,2659.99,57.84,9.34
2017-12-12,1.17,2.4,1.83,1.34,111.5214,2664.11,57.12,9.92
2017-12-13,1.17,2.36,1.79,1.3,111.2759,2662.85,56.59,10.18
2017-12-14,1.41,2.35,1.82,1.32,111.0893,2652.01,57.0,10.49
2017-12-15,1.41,2.35,1.84,1.31,111.1286,2675.81,57.29,9.42
2017-12-16,1.41,2.35,1.84,1.31,111.1286,2675.81,57.29,9.42
2017-12-17,1.41,2.35,1.84,1.31,111.1286,2675.81,57.29,9.42
2017-12-18,1.42,2.39,1.84,1.38,110.9086,2690.16,57.17,9.53
2017-12-19,1.42,2.46,1.87,1.37,111.1255,2681.47,57.49,10.03
2017-12-20,1.42,2.49,1.87,1.38,110.8361,2679.25,58.09,9.72
2017-12-21,1.42,2.48,1.89,1.35,110.8786,2684.57,58.34,9.62
2017-12-22,1.42,2.48,1.91,1.33,111.0997,2683.34,58.25,9.9
2017-12-23,1.42,2.48,1.91,1.33,111.0997,2683.34,58.25,9.9
2017-12-24,1.42,2.48,1.91,1.33,111.0997,2683.34,58.25,9.9
2017-12-25,1.42,2.48,1.91,1.33,111.0997,2683.34,58.25,9.9
2017-12-26,1.42,2.47,1.92,1.47,110.9758,2680.5,59.55,10.25
2017-12-27,1.42,2.42,1.89,1.44,110.8553,2682.62,59.67,10.47
2017-12-28,1.42,2.43,1.91,1.39,110.5154,2687.54,59.84,10.18
2017-12-29,1.33,2.4,1.89,1.39,110.0783,2673.61,60.46,11.04
2017-12-30,1.33,2.4,1.89,1.39,110.0783,2673.61,60.46,11.04
2017-12-31,1.33,2.4,1.89,1.39,110.0783,2673.61,60.46,11.04
2018-01-01,1.33,2.4,1.89,1.39,110.0783,2673.61,60.46,11.04
2018-01-02,1.42,2.46,1.92,1.44,109.6445,2695.81,60.37,9.77
2018-01-03,1.42,2.44,1.94,1.41,109.6751,2713.06,61.61,9.15
2018-01-04,1.42,2.46,1.96,1.41,109.4777,2723.99,61.98,9.22
2018-01-05,1.42,2.47,1.96,1.39,109.3496,2743.15,61.49,9.22
2018-01-06,1.42,2.47,1.96,1.39,109.3496,2743.15,61.49,9.22
2018-01-07,1.42,2.47,1.96,1.39,109.3496,2743.15,61.49,9.22
2018-01-08,1.42,2.49,1.96,1.45,109.5681,2747.71,61.73,9.52
2018-01-09,1.42,2.55,1.98,1.44,109.9025,2751.29,62.92,10.08
2018-01-10,1.42,2.55,1.98,1.42,109.628,2748.23,63.6,9.82
2018-01-11,1.42,2.54,1.98,1.43,109.4888,2767.56,63.81,9.88
2018-01-12,1.42,2.55,1.99,1.43,108.901,2786.24,64.22,10.16
2018-01-13,1.42,2.55,1.99,1.43,108.901,2786.24,64.22,10.16
2018-01-14,1.42,2.55,1.99,1.43,108.901,2786.24,64.22,10.16
2018-01-15,1.42,2.55,1.99,1.43,108.901,2786.24,64.22,10.16
2018-01-16,1.42,2.54,2.03,1.45,108.3218,2776.42,63.82,11.66
2018-01-17,1.42,2.57,2.05,1.44,108.1526,2802.56,63.92,11.91
2018-01-18,1.42,2.62,2.05,1.45,108.0655,2798.03,63.96,12.22
2018-01-19,1.42,2.64,2.06,1.44,107.9455,2810.3,63.38,11.27
2018-01-20,1.42,2.64,2.06,1.44,107.9455,2810.3,63.38,11.27
2018-01-21,1.42,2.64,2.06,1.44,107.9455,2810.3,63.38,11.27
2018-01-22,1.42,2.66,2.08,1.44,108.107,2832.97,63.66,11.03
2018-01-23,1.42,2.63,2.06,1.44,107.9979,2839.13,64.45,11.1
2018-01-24,1.42,2.65,2.08,1.43,107.0802,2837.54,65.69,11.47
2018-01-25,1.42,2.63,2.08,1.42,106.5052,2839.25,65.62,11.58
2018-01-26,1.42,2.66,2.13,1.41,106.6911,2872.87,66.27,11.08
2018-01-27,1.42,2.66,2.13,1.41,106.6911,2872.87,66.27,11.08
2018-01-28,1.42,2.66,2.13,1.41,106.6911,2872.87,66.27,11.08
2018-01-29,1.42,2.7,2.11,1.44,107.1142,2853.53,65.71,13.84
2018-01-30,1.42,2.73,2.13,1.44,107.1064,2822.43,64.64,14.79
2018-01-31,1.34,2.72,2.14,1.46,106.7696,2823.81,64.82,13.54
2018-02-01,1.42,2.78,2.16,1.48,106.4877,2821.98,65.92,13.47
2018-02-02,1.42,2.84,2.15,1.48,107.1151,2762.13,65.5,17.31
2018-02-03,1.42,2.84,2.15,1.48,107.1151,2762.13,65.5,17.31
2018-02-04,1.42,2.84,2.15,1.48,107.1151,2762.13,65.5,17.31
2018-02-05,1.42,2.77,2.08,1.51,107.33,2648.94,64.18,37.32
2018-02-06,1.42,2.79,2.1,1.52,107.5204,2695.14,63.48,29.98
2018-02-07,1.42,2.84,2.15,1.55,107.7175,2681.66,61.91,27.73
2018-02-08,1.42,2.85,2.13,1.55,108.3025,2581.0,61.3,33.46
2018-02-09,1.42,2.83,2.05,1.55,108.2582,2619.55,59.2,29.06
2018-02-10,1.42,2.83,2.05,1.55,108.2582,2619.55,59.2,29.06
2018-02-11,1.42,2.83,2.05,1.55,108.2582,2619.55,59.2,29.06
2018-02-12,1.42,2.86,2.09,1.62,108.0332,2656.0,59.41,25.61
2018-02-13,1.42,2.83,2.1,1.59,107.7574,2662.94,59.33,24.97
2018-02-14,1.42,2.91,2.17,1.58,107.4691,2698.63,60.7,19.26
2018-02-15,1.42,2.9,2.19,1.58,106.9867,2731.2,61.48,19.13
2018-02-16,1.42,2.87,2.21,1.62,107.0359,2732.22,61.89,19.46
2018-02-17,1.42,2.87,2.21,1.62,107.0359,2732.22,61.89,19.46
2018-02-18,1.42,2.87,2.21,1.62,107.0359,2732.22,61.89,19.46
2018-02-19,1.42,2.87,2.21,1.62,107.0359,2732.22,61.89,19.46
2018-02-20,1.42,2.88,2.25,1.66,107.6249,2716.26,61.91,20.6
2018-02-21,1.42,2.94,2.26,1.64,107.8679,2701.33,61.73,20.02
2018-02-22,1.42,2.92,2.25,1.63,107.8668,2703.96,62.72,18.72
2018-02-23,1.42,2.88,2.25,1.64,107.6804,2747.3,63.52,16.49
2018-02-24,1.42,2.88,2.25,1.64,107.6804,2747.3,63.52,16.49
2018-02-25,1.42,2.88,2.25,1.64,107.6804,2747.3,63.52,16.49
2018-02-26,1.42,2.86,2.22,1.66,107.7347,2779.6,63.81,15.8
2018-02-27,1.42,2.9,2.27,1.66,108.1731,2744.28,62.94,18.59
2018-02-28,1.35,2.87,2.25,1.65,108.3903,2713.83,61.43,19.85
2018-03-01,1.42,2.81,2.22,1.63,108.5358,2677.67,60.98,22.47
2018-03-02,1.42,2.86,2.25,1.65,108.5358,2691.25,61.19,19.59
2018-03-03,1.42,2.86,2.25,1.65,108.5358,2691.25,61.19,19.59
2018-03-04,1.42,2.86,2.25,1.65,108.5358,2691.25,61.19,19.59
2018-03-05,1.42,2.88,2.24,1.7,108.3614,2720.94,62.49,18.73
2018-03-06,1.42,2.88,2.25,1.68,107.7969,2728.12,62.54,18.36
2018-03-07,1.42,2.89,2.25,1.68,108.0911,2726.8,61.09,17.76
2018-03-08,1.42,2.86,2.25,1.67,108.2671,2738.97,60.13,16.54
2018-03-09,1.42,2.9,2.27,1.67,107.923,2786.57,62.02,14.64
2018-03-10,1.42,2.9,2.27,1.67,107.923,2786.57,62.02,14.64
2018-03-11,1.42,2.9,2.27,1.67,107.923,2786.57,62.02,14.64
2018-03-12,1.42,2.87,2.27,1.71,107.9438,2783.02,61.35,15.78
2018-03-13,1.42,2.84,2.26,1.73,107.7384,2765.31,60.69,16.35
2018-03-14,1.42,2.81,2.26,1.76,107.8623,2749.48,60.89,17.23
2018-03-15,1.43,2.82,2.29,1.77,108.2032,2747.33,61.16,16.59
2018-03-16,1.43,2.85,2.31,1.78,108.4332,2752.01,62.29,15.8
2018-03-17,1.43,2.85,2.31,1.78,108.4332,2752.01,62.29,15.8
2018-03-18,1.43,2.85,2.31,1.78,108.4332,2752.01,62.29,15.8
2018-03-19,1.43,2.85,2.31,1.8,108.3145,2712.92,62.01,19.02
2018-03-20,1.44,2.89,2.34,1.81,108.4953,2716.94,63.37,18.2
2018-03-21,1.44,2.89,2.31,1.74,108.4953,2711.93,65.1,17.86
2018-03-22,1.68,2.83,2.29,1.72,107.9935,2643.69,64.25,23.34
2018-03-23,1.68,2.82,2.28,1.74,107.7495,2588.26,65.8,24.87
2018-03-24,1.68,2.82,2.28,1.74,107.7495,2588.26,65.8,24.87
2018-03-25,1.68,2.82,2.28,1.74,107.7495,2588.26,65.8,24.87
2018-03-26,1.68,2.85,2.33,1.79,107.1819,2658.55,65.49,21.03
2018-03-27,1.68,2.78,2.26,1.77,107.3359,2612.62,65.21,22.5
2018-03-28,1.68,2.77,2.28,1.73,107.5733,2605.0,64.3,22.87
2018-03-29,1.68,2.74,2.27,1.73,107.665,2640.87,64.87,19.97
2018-03-30,1.67,2.74,2.27,1.73,107.4784,2640.87,64.87,19.97
2018-03-31,1.67,2.74,2.27,1.73,107.4784,2640.87,64.87,19.97
2018-04-01,1.67,2.74,2.27,1.73,107.4784,2640.87,64.87,19.97
2018-04-02,1.68,2.73,2.25,1.77,107.7033,2581.88,63.05,23.62
2018-04-03,1.69,2.79,2.28,1.75,107.5624,2614.45,63.41,21.1
2018-04-04,1.69,2.79,2.28,1.71,107.6361,2644.69,63.35,20.06
2018-04-05,1.69,2.83,2.3,1.72,107.7281,2662.84,63.53,18.94
2018-04-06,1.69,2.77,2.27,1.73,107.7886,2604.47,62.03,21.49
2018-04-07,1.69,2.77,2.27,1.73,107.7886,2604.47,62.03,21.49
2018-04-08,1.69,2.77,2.27,1.73,107.7886,2604.47,62.03,21.49
2018-04-09,1.69,2.78,2.29,1.76,107.5316,2613.16,63.4,21.77
2018-04-10,1.69,2.8,2.32,1.74,107.3659,2656.87,65.48,20.47
2018-04-11,1.69,2.79,2.32,1.73,107.1224,2642.19,66.81,20.24
2018-04-12,1.69,2.83,2.34,1.75,107.2905,2663.99,67.07,18.49
2018-04-13,1.69,2.82,2.37,1.76,107.2368,2656.3,67.35,17.41
2018-04-14,1.69,2.82,2.37,1.76,107.2368,2656.3,67.35,17.41
2018-04-15,1.69,2.82,2.37,1.76,107.2368,2656.3,67.35,17.41
2018-04-16,1.69,2.83,2.39,1.79,107.0595,2677.84,66.23,16.56
2018-04-17,1.69,2.82,2.41,1.8,107.0344,2706.39,66.5,15.25
2018-04-18,1.69,2.87,2.42,1.81,107.1096,2708.64,68.44,15.6
2018-04-19,1.69,2.92,2.44,1.82,107.5197,2693.13,68.3,15.96
2018-04-20,1.7,2.96,2.46,1.81,108.1787,2670.14,68.26,16.88
2018-04-21,1.7,2.96,2.46,1.81,108.1787,2670.14,68.26,16.88
2018-04-22,1.7,2.96,2.46,1.81,108.1787,2670.14,68.26,16.88
2018-04-23,1.7,2.98,2.49,1.87,108.9332,2670.29,67.61,16.34
2018-04-24,1.7,3.0,2.48,1.87,108.7906,2634.56,67.66,18.02
2018-04-25,1.7,3.03,2.49,1.85,109.3447,2639.4,68.0,17.84
2018-04-26,1.7,3.0,2.49,1.82,109.3646,2666.94,68.18,16.24
2018-04-27,1.7,2.96,2.49,1.82,109.1735,2669.91,68.11,15.41
2018-04-28,1.7,2.96,2.49,1.82,109.1735,2669.91,68.11,15.41
2018-04-29,1.7,2.96,2.49,1.82,109.1735,2669.91,68.11,15.41
2018-04-30,1.69,2.95,2.49,1.87,109.3363,2648.05,68.56,15.93
2018-05-01,1.7,2.97,2.5,1.85,109.7445,2654.8,67.28,15.49
2018-05-02,1.7,2.97,2.49,1.84,110.1625,2635.67,67.91,15.97
2018-05-03,1.7,2.94,2.49,1.84,110.1803,2629.73,68.45,15.9
2018-05-04,1.7,2.95,2.51,1.84,110.25,2663.42,69.71,14.77
2018-05-05,1.7,2.95,2.51,1.84,110.25,2663.42,69.71,14.77
2018-05-06,1.7,2.95,2.51,1.84,110.25,2663.42,69.71,14.77
2018-05-07,1.7,2.95,2.49,1.86,110.5721,2672.63,70.74,14.75
2018-05-08,1.7,2.97,2.51,1.87,111.063,2671.92,68.83,14.71
2018-05-09,1.7,3.0,2.54,1.88,110.8818,2697.79,71.16,13.42
2018-05-10,1.7,2.97,2.54,1.9,110.405,2723.07,71.36,13.23
2018-05-11,1.7,2.97,2.54,1.92,110.2847,2727.72,70.69,12.65
2018-05-12,1.7,2.97,2.54,1.92,110.2847,2727.72,70.69,12.65
2018-05-13,1.7,2.97,2.54,1.92,110.2847,2727.72,70.69,12.65
2018-05-14,1.7,3.0,2.55,1.93,110.408,2730.13,71.01,12.93
2018-05-15,1.7,3.08,2.58,1.92,111.2292,2711.45,71.34,14.63
2018-05-16,1.7,3.09,2.58,1.92,111.3068,2722.46,71.43,13.42
2018-05-17,1.7,3.11,2.57,1.92,111.3547,2720.13,71.47,13.43
2018-05-18,1.7,3.06,2.55,1.91,111.7171,2712.97,71.23,13.42
2018-05-19,1.7,3.06,2.55,1.91,111.7171,2712.97,71.23,13.42
2018-05-20,1.7,3.06,2.55,1.91,111.7171,2712.97,71.23,13.42
2018-05-21,1.7,3.06,2.58,1.93,111.6394,2733.01,72.26,13.08
2018-05-22,1.7,3.06,2.59,1.93,111.1945,2724.44,72.09,13.22
2018-05-23,1.7,3.01,2.53,1.92,111.6933,2733.29,71.85,12.58
2018-05-24,1.7,2.98,2.5,1.91,111.4885,2727.76,70.77,12.53
2018-05-25,1.7,2.93,2.48,1.9,111.5843,2721.33,67.92,13.22
2018-05-26,1.7,2.93,2.48,1.9,111.5843,2721.33,67.92,13.22
2018-05-27,1.7,2.93,2.48,1.9,111.5843,2721.33,67.92,13.22
2018-05-28,1.7,2.93,2.48,1.9,111.5843,2721.33,67.92,13.22
2018-05-29,1.7,2.77,2.32,1.93,112.2127,2689.86,66.8,17.02
2018-05-30,1.7,2.84,2.42,1.94,111.6731,2724.01,68.24,14.94
2018-05-31,1.7,2.83,2.4,1.93,111.9894,2705.27,66.98,15.43
2018-06-01,1.7,2.89,2.47,1.92,111.8265,2734.62,65.81,13.46
2018-06-02,1.7,2.89,2.47,1.92,111.8265,2734.62,65.81,13.46
2018-06-03,1.7,2.89,2.47,1.92,111.8265,2734.62,65.81,13.46
2018-06-04,1.7,2.94,2.52,1.94,111.8247,2746.87,64.76,12.74
2018-06-05,1.7,2.92,2.49,1.94,112.264,2748.8,65.51,12.4
2018-06-06,1.7,2.97,2.52,1.95,111.7525,2772.35,64.75,11.64
2018-06-07,1.7,2.93,2.5,1.94,112.0725,2770.37,65.96,12.13
2018-06-08,1.7,2.93,2.5,1.93,112.1066,2779.03,65.77,12.18
2018-06-09,1.7,2.93,2.5,1.93,112.1066,2779.03,65.77,12.18
2018-06-10,1.7,2.93,2.5,1.93,112.1066,2779.03,65.77,12.18
2018-06-11,1.7,2.96,2.52,1.94,112.1106,2782.0,66.1,12.35
2018-06-12,1.7,2.96,2.54,1.92,112.2138,2786.85,66.38,12.34
2018-06-13,1.7,2.98,2.59,1.94,112.2577,2775.63,66.63,12.94
2018-06-14,1.9,2.94,2.59,1.94,112.8593,2782.49,66.91,12.12
2018-06-15,1.9,2.93,2.55,1.94,113.3379,2779.66,65.01,11.98
2018-06-16,1.9,2.93,2.55,1.94,113.3379,2779.66,65.01,11.98
2018-06-17,1.9,2.93,2.55,1.94,113.3379,2779.66,65.01,11.98
2018-06-18,1.9,2.92,2.56,1.94,113.4899,2773.75,65.91,12.31
2018-06-19,1.91,2.89,2.54,1.94,113.639,2762.59,65.09,13.35
2018-06-20,1.92,2.93,2.56,1.94,113.4784,2767.32,65.92,12.79
2018-06-21,1.92,2.9,2.56,1.94,113.6109,2749.76,65.68,14.64
2018-06-22,1.92,2.9,2.56,1.93,113.3047,2754.88,69.02,13.77
2018-06-23,1.92,2.9,2.56,1.93,113.3047,2754.88,69.02,13.77
2018-06-24,1.92,2.9,2.56,1.93,113.3047,2754.88,69.02,13.77
2018-06-25,1.92,2.87,2.54,1.93,113.286,2717.07,69.91,17.33
2018-06-26,1.92,2.88,2.53,1.93,113.3016,2723.06,75.23,15.92
2018-06-27,1.91,2.83,2.52,1.93,113.8971,2699.63,77.41,17.91
2018-06-28,1.91,2.84,2.52,1.93,113.8405,2716.31,73.45,16.85
2018-06-29,1.91,2.85,2.52,1.93,113.2586,2718.37,74.13,16.09
2018-06-30,1.91,2.85,2.52,1.93,113.2586,2718.37,74.13,16.09
2018-07-01,1.91,2.85,2.52,1.93,113.2586,2718.37,74.13,16.09
2018-07-02,1.91,2.87,2.57,1.98,114.1673,2726.71,73.89,15.6
2018-07-03,1.91,2.83,2.53,1.98,113.3222,2713.22,74.19,16.14
2018-07-04,1.91,2.83,2.53,1.98,113.3222,2713.22,74.19,16.14
2018-07-05,1.91,2.84,2.55,1.96,112.9759,2736.61,73.05,14.97
2018-07-06,1.91,2.82,2.53,1.97,112.6428,2759.82,73.78,13.37
2018-07-07,1.91,2.82,2.53,1.97,112.6428,2759.82,73.78,13.37
2018-07-08,1.91,2.82,2.53,1.97,112.6428,2759.82,73.78,13.37
2018-07-09,1.91,2.86,2.57,1.98,112.6425,2784.17,73.93,12.69
2018-07-10,1.91,2.87,2.59,1.99,112.5794,2793.84,74.11,12.64
2018-07-11,1.91,2.85,2.58,1.97,112.8582,2774.02,70.47,13.63
2018-07-12,1.91,2.85,2.6,1.98,112.779,2798.29,70.28,12.58
2018-07-13,1.91,2.83,2.59,1.98,113.0705,2801.31,71.03,12.18
2018-07-14,1.91,2.83,2.59,1.98,113.0705,2801.31,71.03,12.18
2018-07-15,1.91,2.83,2.59,1.98,113.0705,2801.31,71.03,12.18
2018-07-16,1.91,2.85,2.59,2.01,112.8437,2798.43,68.22,12.83
2018-07-17,1.91,2.86,2.62,2.02,113.1504,2809.55,68.03,12.06
2018-07-18,1.91,2.88,2.6,2.0,113.3348,2815.62,68.78,12.1
2018-07-19,1.91,2.84,2.6,2.0,113.9463,2804.49,69.42,12.87
2018-07-20,1.91,2.89,2.6,1.99,113.3213,2801.83,70.31,12.86
2018-07-21,1.91,2.89,2.6,1.99,113.3213,2801.83,70.31,12.86
2018-07-22,1.91,2.89,2.6,1.99,113.3213,2801.83,70.31,12.86
2018-07-23,1.91,2.96,2.64,1.99,113.4246,2806.98,67.9,12.62
2018-07-24,1.91,2.95,2.63,2.02,113.2045,2820.4,70.77,12.41
2018-07-25,1.91,2.94,2.66,2.01,112.9221,2846.07,71.13,12.29
2018-07-26,1.91,2.98,2.69,1.99,112.9179,2837.44,71.59,12.14
2018-07-27,1.91,2.96,2.67,2.0,112.8125,2818.82,68.66,13.03
2018-07-28,1.91,2.96,2.67,2.0,112.8125,2818.82,68.66,13.03
2018-07-29,1.91,2.96,2.67,2.0,112.8125,2818.82,68.66,13.03
2018-07-30,1.91,2.98,2.66,2.04,112.6044,2802.6,71.19,14.26
2018-07-31,1.91,2.96,2.67,2.03,112.7299,2816.29,69.88,12.83
2018-08-01,1.91,3.0,2.67,2.03,112.8899,2813.36,68.8,13.15
2018-08-02,1.91,2.98,2.66,2.02,113.1679,2827.22,68.95,12.19
2018-08-03,1.91,2.95,2.63,2.01,113.012,2840.35,68.49,11.64
2018-08-04,1.91,2.95,2.63,2.01,113.012,2840.35,68.49,11.64
2018-08-05,1.91,2.95,2.63,2.01,113.012,2840.35,68.49,11.64
2018-08-06,1.91,2.94,2.64,2.05,113.229,2850.4,69.01,11.27
2018-08-07,1.91,2.98,2.68,2.06,112.9759,2858.45,69.17,10.93
2018-08-08,1.91,2.96,2.68,2.06,113.1411,2857.7,66.92,10.85
2018-08-09,1.91,2.93,2.64,2.06,113.3806,2853.58,66.81,11.27
2018-08-10,1.91,2.87,2.61,2.05,114.3005,2833.28,67.61,13.16
2018-08-11,1.91,2.87,2.61,2.05,114.3005,2833.28,67.61,13.16
2018-08-12,1.91,2.87,2.61,2.05,114.3005,2833.28,67.61,13.16
2018-08-13,1.91,2.88,2.61,2.06,114.851,2821.93,67.25,14.78
2018-08-14,1.91,2.89,2.63,2.08,114.658,2839.96,67.04,13.31
2018-08-15,1.91,2.86,2.61,2.07,115.1526,2818.37,65.07,14.64
2018-08-16,1.92,2.87,2.63,2.07,114.6416,2840.69,65.44,13.45
2018-08-17,1.92,2.87,2.61,2.05,114.5339,2850.13,65.93,12.64
2018-08-18,1.92,2.87,2.61,2.05,114.5339,2850.13,65.93,12.64
2018-08-19,1.92,2.87,2.61,2.05,114.5339,2850.13,65.93,12.64
2018-08-20,1.92,2.82,2.6,2.06,114.3504,2857.05,66.5,12.49
2018-08-21,1.92,2.85,2.61,2.08,113.8604,2862.96,67.32,12.86
2018-08-22,1.92,2.82,2.6,2.09,113.663,2861.82,67.85,12.25
2018-08-23,1.92,2.82,2.61,2.08,114.0932,2856.98,69.13,12.41
2018-08-24,1.92,2.82,2.63,2.09,113.5985,2874.69,69.71,11.99
2018-08-25,1.92,2.82,2.63,2.09,113.5985,2874.69,69.71,11.99
2018-08-26,1.92,2.82,2.63,2.09,113.5985,2874.69,69.71,11.99
2018-08-27,1.92,2.85,2.67,2.12,113.2721,2896.74,69.97,12.16
2018-08-28,1.92,2.88,2.67,2.13,113.3444,2897.52,68.54,12.5
2018-08-29,1.92,2.89,2.67,2.13,113.6461,2914.04,69.68,12.25
2018-08-30,1.92,2.86,2.64,2.11,114.0899,2901.13,70.25,13.53
2018-08-31,1.91,2.86,2.62,2.11,114.2755,2901.52,69.84,12.86
2018-09-01,1.91,2.86,2.62,2.11,114.2755,2901.52,69.84,12.86
2018-09-02,1.91,2.86,2.62,2.11,114.2755,2901.52,69.84,12.86
2018-09-03,1.91,2.86,2.62,2.11,114.2755,2901.52,69.84,12.86
2018-09-04,1.92,2.9,2.66,2.13,114.8584,2896.72,69.82,13.16
2018-09-05,1.92,2.9,2.66,2.14,114.7477,2888.6,68.69,13.91
2018-09-06,1.92,2.88,2.64,2.13,114.6479,2878.05,67.81,14.65
2018-09-07,1.92,2.94,2.71,2.14,114.5816,2871.68,67.73,14.88
2018-09-08,1.92,2.94,2.71,2.14,114.5816,2871.68,67.73,14.88
2018-09-09,1.92,2.94,2.71,2.14,114.5816,2871.68,67.73,14.88
2018-09-10,1.92,2.94,2.73,2.14,114.6802,2877.13,67.55,14.16
2018-09-11,1.92,2.98,2.76,2.15,114.7051,2887.89,69.29,13.22
2018-09-12,1.92,2.97,2.74,2.16,114.2192,2888.92,70.37,13.14
2018-09-13,1.92,2.97,2.76,2.15,113.9268,2904.18,68.6,12.37
2018-09-14,1.92,2.99,2.78,2.16,114.0657,2904.98,68.98,12.07
2018-09-15,1.92,2.99,2.78,2.16,114.0657,2904.98,68.98,12.07
2018-09-16,1.92,2.99,2.78,2.16,114.0657,2904.98,68.98,12.07
2018-09-17,1.92,2.99,2.78,2.16,113.9158,2888.8,68.86,13.68
2018-09-18,1.92,3.05,2.81,2.17,113.7739,2904.31,69.87,12.79
2018-09-19,1.92,3.08,2.81,2.16,113.6532,2907.95,71.08,11.75
2018-09-20,1.92,3.07,2.81,2.17,113.4989,2930.75,70.77,11.8
2018-09-21,1.92,3.07,2.81,2.18,113.5099,2929.67,70.8,11.68
2018-09-22,1.92,3.07,2.81,2.18,113.5099,2929.67,70.8,11.68
2018-09-23,1.92,3.07,2.81,2.18,113.5099,2929.67,70.8,11.68
2018-09-24,1.93,3.08,2.83,2.22,113.5301,2919.37,73.23,12.2
2018-09-25,1.93,3.1,2.83,2.21,113.7202,2915.56,73.4,12.42
2018-09-26,1.93,3.06,2.83,2.2,113.6739,2905.97,72.22,12.89
2018-09-27,2.18,3.06,2.83,2.18,113.9784,2914.0,72.18,12.41
2018-09-28,2.18,3.05,2.81,2.19,113.8077,2913.98,73.16,12.12
2018-09-29,2.18,3.05,2.81,2.19,113.8077,2913.98,73.16,12.12
2018-09-30,2.18,3.05,2.81,2.19,113.8077,2913.98,73.16,12.12
2018-10-01,2.18,3.09,2.82,2.23,113.8235,2924.59,75.37,12.0
2018-10-02,2.18,3.05,2.82,2.23,113.8954,2923.43,75.16,12.05
2018-10-03,2.18,3.15,2.85,2.23,114.1569,2925.51,76.4,11.61
2018-10-04,2.18,3.19,2.87,2.22,114.6867,2901.61,74.44,14.22
2018-10-05,2.18,3.23,2.88,2.23,114.561,2885.57,74.26,14.82
2018-10-06,2.18,3.23,2.88,2.23,114.561,2885.57,74.26,14.82
2018-10-07,2.18,3.23,2.88,2.23,114.561,2885.57,74.26,14.82
2018-10-08,2.18,3.23,2.88,2.23,114.561,2884.43,74.27,15.69
2018-10-09,2.18,3.21,2.88,2.25,114.6583,2880.34,74.95,15.95
2018-10-10,2.18,3.22,2.88,2.27,114.6072,2785.68,73.18,22.96
2018-10-11,2.18,3.14,2.85,2.27,114.4074,2728.37,70.97,24.98
2018-10-12,2.18,3.15,2.85,2.28,114.3691,2767.13,71.41,21.31
2018-10-13,2.18,3.15,2.85,2.28,114.3691,2767.13,71.41,21.31
2018-10-14,2.18,3.15,2.85,2.28,114.3691,2767.13,71.41,21.31
2018-10-15,2.18,3.16,2.85,2.31,114.045,2750.79,71.84,21.3
2018-10-16,2.18,3.16,2.87,2.3,113.8963,2809.92,71.93,17.62
2018-10-17,2.19,3.19,2.89,2.31,114.1755,2809.21,69.63,17.4
2018-10-18,2.19,3.17,2.87,2.32,114.8164,2768.78,68.63,20.06
2018-10-19,2.19,3.2,2.92,2.31,114.8567,2767.78,69.16,19.89
2018-10-20,2.19,3.2,2.92,2.31,114.8567,2767.78,69.16,19.89
2018-10-21,2.19,3.2,2.92,2.31,114.8567,2767.78,69.16,19.89
2018-10-22,2.19,3.2,2.92,2.34,115.1782,2755.88,69.25,19.64
2018-10-23,2.2,3.17,2.89,2.33,115.1651,2740.69,66.49,20.71
2018-10-24,2.2,3.1,2.84,2.34,115.3755,2656.1,66.56,25.23
2018-10-25,2.2,3.14,2.86,2.34,115.4831,2705.57,67.25,24.22
2018-10-26,2.2,3.08,2.81,2.33,115.473,2658.69,67.58,24.16
2018-10-27,2.2,3.08,2.81,2.33,115.473,2658.69,67.58,24.16
2018-10-28,2.2,3.08,2.81,2.33,115.473,2658.69,67.58,24.16
2018-10-29,2.2,3.08,2.81,2.34,115.8936,2641.25,67.0,24.7
2018-10-30,2.2,3.12,2.84,2.33,116.2357,2682.63,66.18,23.35
2018-10-31,2.2,3.15,2.87,2.34,116.5281,2711.74,65.31,21.23
2018-11-01,2.2,3.14,2.84,2.32,115.8657,2740.37,63.67,19.34
2018-11-02,2.19,3.22,2.91,2.33,115.643,2723.06,63.12,19.51
2018-11-03,2.19,3.22,2.91,2.33,115.643,2723.06,63.12,19.51
2018-11-04,2.19,3.22,2.91,2.33,115.643,2723.06,63.12,19.51
2018-11-05,2.2,3.2,2.91,2.36,115.703,2738.31,63.12,19.96
2018-11-06,2.2,3.22,2.93,2.35,115.5622,2755.45,62.16,19.91
2018-11-07,2.2,3.22,2.96,2.37,115.2519,2813.89,61.69,16.36
2018-11-08,2.2,3.24,2.98,2.35,115.6478,2806.83,60.71,16.72
2018-11-09,2.19,3.19,2.94,2.36,116.4778,2781.01,60.19,17.36
2018-11-10,2.19,3.19,2.94,2.36,116.4778,2781.01,60.19,17.36
2018-11-11,2.19,3.19,2.94,2.36,116.4778,2781.01,60.19,17.36
2018-11-12,2.19,3.19,2.94,2.36,116.4778,2726.22,59.85,20.45
2018-11-13,2.2,3.14,2.89,2.38,116.6694,2722.18,55.63,20.02
2018-11-14,2.2,3.12,2.86,2.38,116.498,2701.58,56.16,21.25
2018-11-15,2.2,3.11,2.86,2.37,116.3861,2730.2,56.45,19.98
2018-11-16,2.2,3.08,2.81,2.36,115.9258,2736.27,56.49,18.14
2018-11-17,2.2,3.08,2.81,2.36,115.9258,2736.27,56.49,18.14
2018-11-18,2.2,3.08,2.81,2.36,115.9258,2736.27,56.49,18.14
2018-11-19,2.2,3.06,2.79,2.38,115.9859,2690.73,57.16,20.1
2018-11-20,2.2,3.06,2.79,2.39,116.2367,2641.89,53.39,22.48
2018-11-21,2.2,3.06,2.81,2.41,116.092,2649.93,54.41,20.8
2018-11-22,2.2,3.06,2.81,2.41,116.092,2649.93,54.41,20.8
2018-11-23,2.2,3.05,2.81,2.41,116.4713,2632.56,54.41,21.52
2018-11-24,2.2,3.05,2.81,2.41,116.4713,2632.56,54.41,21.52
2018-11-25,2.2,3.05,2.81,2.41,116.4713,2632.56,54.41,21.52
2018-11-26,2.2,3.07,2.84,2.41,116.6208,2673.45,51.46,18.9
2018-11-27,2.2,3.06,2.83,2.41,116.9001,2682.17,51.31,19.02
2018-11-28,2.2,3.06,2.81,2.4,116.8343,2743.79,50.06,18.49
2018-11-29,2.2,3.03,2.81,2.37,116.1961,2737.76,51.46,18.79
2018-11-30,2.2,3.01,2.8,2.37,116.413,2760.17,50.78,18.07
2018-12-01,2.2,3.01,2.8,2.37,116.413,2760.17,50.78,18.07
2018-12-02,2.2,3.01,2.8,2.37,116.413,2760.17,50.78,18.07
2018-12-03,2.19,2.98,2.83,2.38,115.9057,2790.37,52.98,16.44
2018-12-04,2.2,2.91,2.8,2.42,116.0028,2700.06,53.21,20.74
2018-12-05,2.2,2.91,2.8,2.42,116.0028,2700.06,52.64,20.74
2018-12-06,2.2,2.87,2.75,2.41,116.3991,2695.95,51.54,21.19
2018-12-07,2.19,2.85,2.72,2.4,116.0847,2633.08,52.76,23.23
2018-12-08,2.19,2.85,2.72,2.4,116.0847,2633.08,52.76,23.23
2018-12-09,2.19,2.85,2.72,2.4,116.0847,2633.08,52.76,23.23
2018-12-10,2.2,2.85,2.72,2.41,116.6746,2637.72,51.07,22.64
2018-12-11,2.19,2.89,2.78,2.41,116.7564,2636.78,51.65,21.76
2018-12-12,2.19,2.91,2.77,2.43,116.2214,2651.07,51.04,21.46
2018-12-13,2.19,2.91,2.75,2.43,116.3974,2650.54,52.69,20.65
2018-12-14,2.19,2.89,2.73,2.42,116.79,2599.95,51.26,21.63
2018-12-15,2.19,2.89,2.73,2.42,116.79,2599.95,51.26,21.63
2018-12-16,2.19,2.89,2.73,2.42,116.79,2599.95,51.26,21.63
2018-12-17,2.2,2.86,2.7,2.4,116.4532,2545.94,49.8,24.52
2018-12-18,2.2,2.82,2.65,2.39,116.4127,2546.16,46.12,25.58
2018-12-19,2.2,2.77,2.63,2.4,116.0676,2506.96,47.96,25.58
2018-12-20,2.4,2.79,2.67,2.39,116.0183,2467.42,45.64,28.38
2018-12-21,2.4,2.79,2.63,2.39,116.2227,2416.62,45.38,30.11
2018-12-22,2.4,2.79,2.63,2.39,116.2227,2416.62,45.38,30.11
2018-12-23,2.4,2.79,2.63,2.39,116.2227,2416.62,45.38,30.11
2018-12-24,2.4,2.74,2.55,2.45,116.2182,2351.1,45.38,36.07
2018-12-25,2.4,2.74,2.55,2.45,116.2182,2351.1,45.38,36.07
2018-12-26,2.4,2.81,2.61,2.44,116.1162,2467.7,46.04,30.41
2018-12-27,2.4,2.77,2.56,2.41,115.9927,2488.83,44.48,29.96
2018-12-28,2.4,2.72,2.52,2.4,115.7232,2485.74,45.15,28.34
2018-12-29,2.4,2.72,2.52,2.4,115.7232,2485.74,45.15,28.34
2018-12-30,2.4,2.72,2.52,2.4,115.7232,2485.74,45.15,28.34
2018-12-31,2.4,2.69,2.48,2.45,115.5674,2506.85,45.15,25.42
2019-01-01,2.4,2.69,2.48,2.45,115.5674,2506.85,45.15,25.42
2019-01-02,2.4,2.66,2.5,2.42,115.7689,2510.03,46.31,23.22
2019-01-03,2.4,2.56,2.39,2.41,115.4622,2447.89,46.92,25.45
2019-01-04,2.4,2.67,2.5,2.42,114.9821,2531.94,47.76,21.38
2019-01-05,2.4,2.67,2.5,2.42,114.9821,2531.94,47.76,21.38
2019-01-06,2.4,2.67,2.5,2.42,114.9821,2531.94,47.76,21.38
2019-01-07,2.4,2.7,2.53,2.45,114.5628,2549.69,48.27,21.4
2019-01-08,2.4,2.73,2.58,2.46,114.7281,2574.41,49.58,20.47
2019-01-09,2.4,2.74,2.56,2.45,114.1406,2584.96,52.19,19.98
2019-01-10,2.4,2.74,2.56,2.43,114.0496,2596.64,52.42,19.5
2019-01-11,2.4,2.71,2.55,2.43,114.0404,2596.26,51.44,18.19
2019-01-12,2.4,2.71,2.55,2.43,114.0404,2596.26,51.44,18.19
2019-01-13,2.4,2.71,2.55,2.43,114.0404,2596.26,51.44,18.19
2019-01-14,2.4,2.71,2.53,2.45,114.0404,2582.61,50.31,19.07
2019-01-15,2.4,2.72,2.53,2.45,114.3402,2610.3,51.8,18.6
2019-01-16,2.4,2.73,2.55,2.43,114.137,2616.1,52.08,19.04
2019-01-17,2.4,2.75,2.56,2.42,114.4115,2635.96,51.83,18.06
2019-01-18,2.4,2.79,2.62,2.41,114.558,2670.71,53.6,17.8
2019-01-19,2.4,2.79,2.62,2.41,114.558,2670.71,53.6,17.8
2019-01-20,2.4,2.79,2.62,2.41,114.558,2670.71,53.6,17.8
2019-01-21,2.4,2.79,2.62,2.41,114.558,2670.71,53.6,17.8
2019-01-22,2.4,2.74,2.58,2.43,114.7541,2632.9,52.59,20.8
2019-01-23,2.4,2.76,2.58,2.41,114.5759,2638.7,52.44,19.52
2019-01-24,2.4,2.72,2.56,2.37,114.617,2642.33,52.94,18.89
2019-01-25,2.4,2.76,2.6,2.39,114.0197,2664.76,53.53,17.42
2019-01-26,2.4,2.76,2.6,2.39,114.0197,2664.76,53.53,17.42
2019-01-27,2.4,2.76,2.6,2.39,114.0197,2664.76,53.53,17.42
2019-01-28,2.4,2.75,2.6,2.42,114.0522,2643.85,51.79,18.87
2019-01-29,2.4,2.72,2.56,2.42,114.026,2640.0,53.07,19.13
2019-01-30,2.4,2.7,2.52,2.42,114.0731,2681.05,54.18,17.66
2019-01-31,2.4,2.63,2.45,2.41,113.5504,2704.1,53.84,16.57
2019-02-01,2.4,2.7,2.52,2.4,113.7548,2706.53,55.29,16.14
2019-02-02,2.4,2.7,2.52,2.4,113.7548,2706.53,55.29,16.14
2019-02-03,2.4,2.7,2.52,2.4,113.7548,2706.53,55.29,16.14
2019-02-04,2.4,2.73,2.53,2.42,113.8766,2724.87,54.57,15.73
2019-02-05,2.4,2.71,2.53,2.42,114.0431,2737.7,53.69,15.57
2019-02-06,2.4,2.7,2.52,2.42,114.2305,2731.61,53.94,15.38
2019-02-07,2.4,2.65,2.48,2.42,114.4339,2706.05,52.68,16.37
2019-02-08,2.4,2.63,2.45,2.43,114.5003,2707.88,52.75,15.72
2019-02-09,2.4,2.63,2.45,2.43,114.5003,2707.88,52.75,15.72
2019-02-10,2.4,2.63,2.45,2.43,114.5003,2707.88,52.75,15.72
2019-02-11,2.4,2.65,2.48,2.45,115.031,2709.8,52.43,15.97
2019-02-12,2.4,2.68,2.5,2.43,114.7297,2744.73,53.14,15.43
2019-02-13,2.4,2.71,2.53,2.44,114.9407,2753.03,53.84,15.65
2019-02-14,2.4,2.66,2.5,2.43,115.1007,2745.73,54.4,16.22
2019-02-15,2.4,2.66,2.52,2.43,114.9923,2775.6,55.58,14.91
2019-02-16,2.4,2.66,2.52,2.43,114.9923,2775.6,55.58,14.91
2019-02-17,2.4,2.66,2.52,2.43,114.9923,2775.6,55.58,14.91
2019-02-18,2.4,2.66,2.52,2.43,114.9923,2775.6,55.58,14.91
2019-02-19,2.4,2.65,2.5,2.45,114.57,2779.76,56.12,14.88
2019-02-20,2.4,2.65,2.5,2.45,114.57,2784.7,56.9,14.02
2019-02-21,2.4,2.69,2.53,2.45,114.5091,2774.88,56.95,14.46
2019-02-22,2.4,2.65,2.48,2.46,114.2716,2792.67,57.01,13.51
2019-02-23,2.4,2.65,2.48,2.46,114.2716,2792.67,57.01,13.51
2019-02-24,2.4,2.65,2.48,2.46,114.2716,2792.67,57.01,13.51
2019-02-25,2.4,2.67,2.51,2.47,114.1457,2796.11,55.32,14.85
2019-02-26,2.4,2.64,2.48,2.45,114.0687,2793.9,55.4,15.17
2019-02-27,2.4,2.69,2.5,2.45,114.0363,2792.38,56.92,14.7
2019-02-28,2.4,2.73,2.52,2.45,114.1991,2784.49,57.21,14.78
2019-03-01,2.4,2.76,2.55,2.44,114.537,2803.69,55.76,13.57
2019-03-02,2.4,2.76,2.55,2.44,114.537,2803.69,55.76,13.57
2019-03-03,2.4,2.76,2.55,2.44,114.537,2803.69,55.76,13.57
2019-03-04,2.4,2.72,2.55,2.46,114.6925,2792.81,56.6,14.63
2019-03-05,2.4,2.72,2.55,2.46,114.804,2789.65,56.55,14.74
2019-03-06,2.4,2.69,2.52,2.47,114.9714,2771.45,56.22,15.74
2019-03-07,2.4,2.64,2.47,2.45,115.4919,2748.93,56.6,16.59
2019-03-08,2.4,2.62,2.45,2.46,115.3599,2743.07,55.77,16.05
2019-03-09,2.4,2.62,2.45,2.46,115.3599,2743.07,55.77,16.05
2019-03-10,2.4,2.62,2.45,2.46,115.3599,2743.07,55.77,16.05
2019-03-11,2.4,2.64,2.47,2.46,115.2967,2783.3,56.79,14.33
2019-03-12,2.4,2.61,2.45,2.46,114.939,2791.52,56.89,13.77
2019-03-13,2.4,2.61,2.45,2.45,114.7372,2810.92,58.27,13.41
2019-03-14,2.4,2.63,2.46,2.45,114.79,2808.48,58.59,13.5
2019-03-15,2.4,2.59,2.43,2.45,114.5815,2822.48,58.51,12.88
2019-03-16,2.4,2.59,2.43,2.45,114.5815,2822.48,58.51,12.88
2019-03-17,2.4,2.59,2.43,2.45,114.5815,2822.48,58.51,12.88
2019-03-18,2.4,2.6,2.45,2.44,114.4375,2832.94,59.09,13.1
2019-03-19,2.4,2.61,2.46,2.46,114.2324,2832.57,59.12,13.56
2019-03-20,2.41,2.54,2.4,2.48,114.1509,2824.23,60.12,13.91
2019-03-21,2.41,2.54,2.41,2.49,114.1684,2854.88,59.98,13.63
2019-03-22,2.41,2.44,2.31,2.46,114.6856,2800.71,58.87,16.48
2019-03-23,2.41,2.44,2.31,2.46,114.6856,2800.71,58.87,16.48
2019-03-24,2.41,2.44,2.31,2.46,114.6856,2800.71,58.87,16.48
2019-03-25,2.4,2.43,2.26,2.46,114.4171,2798.36,58.71,16.33
2019-03-26,2.4,2.41,2.24,2.46,114.6414,2818.46,59.87,14.68
2019-03-27,2.41,2.39,2.22,2.44,115.1243,2805.37,59.39,15.15
2019-03-28,2.41,2.39,2.23,2.43,115.2581,2815.44,59.29,14.43
2019-03-29,2.43,2.41,2.27,2.4,115.1371,2834.4,60.19,13.71
2019-03-30,2.43,2.41,2.27,2.4,115.1371,2834.4,60.19,13.71
2019-03-31,2.43,2.41,2.27,2.4,115.1371,2834.4,60.19,13.71
2019-04-01,2.41,2.49,2.33,2.43,114.9362,2867.19,61.59,13.4
2019-04-02,2.41,2.48,2.3,2.42,115.1173,2867.24,62.53,13.36
2019-04-03,2.41,2.52,2.33,2.44,114.7211,2873.4,62.46,13.74
2019-04-04,2.41,2.51,2.33,2.44,114.9697,2879.39,62.12,13.58
2019-04-05,2.41,2.5,2.35,2.44,114.9726,2892.74,63.1,12.82
2019-04-06,2.41,2.5,2.35,2.44,114.9726,2892.74,63.1,12.82
2019-04-07,2.41,2.5,2.35,2.44,114.9726,2892.74,63.1,12.82
2019-04-08,2.41,2.52,2.36,2.43,114.6893,2895.77,64.37,13.18
2019-04-09,2.41,2.51,2.35,2.42,114.5321,2878.2,64.05,14.28
2019-04-10,2.41,2.48,2.31,2.43,114.4269,2888.21,64.62,13.3
2019-04-11,2.41,2.51,2.35,2.43,114.6303,2888.32,63.61,13.02
2019-04-12,2.41,2.56,2.4,2.44,114.3531,2907.41,63.86,12.01
2019-04-13,2.41,2.56,2.4,2.44,114.3531,2907.41,63.86,12.01
2019-04-14,2.41,2.56,2.4,2.44,114.3531,2907.41,63.86,12.01
2019-04-15,2.41,2.55,2.4,2.43,114.495,2905.58,63.43,12.32
2019-04-16,2.41,2.6,2.41,2.43,114.6756,2907.06,64.01,12.18
2019-04-17,2.42,2.59,2.4,2.44,114.5141,2900.45,63.74,12.6
2019-04-18,2.43,2.57,2.38,2.42,114.7073,2905.03,64.02,12.09
2019-04-19,2.44,2.57,2.38,2.42,114.6977,2905.03,64.02,12.09
2019-04-20,2.44,2.57,2.38,2.42,114.6977,2905.03,64.02,12.09
2019-04-21,2.44,2.57,2.38,2.42,114.6977,2905.03,64.02,12.09
2019-04-22,2.44,2.59,2.38,2.44,114.7694,2907.97,65.66,12.42
2019-04-23,2.44,2.57,2.36,2.45,115.1578,2933.68,66.24,12.28
2019-04-24,2.44,2.53,2.32,2.44,115.4187,2927.25,65.96,13.14
2019-04-25,2.44,2.54,2.33,2.43,115.7709,2926.17,65.23,13.25
2019-04-26,2.44,2.51,2.28,2.42,115.4767,2939.88,63.29,12.73
2019-04-27,2.44,2.51,2.28,2.42,115.4767,2939.88,63.29,12.73
2019-04-28,2.44,2.51,2.28,2.42,115.4767,2939.88,63.29,12.73
2019-04-29,2.45,2.54,2.3,2.44,115.5227,2943.03,63.39,13.11
2019-04-30,2.45,2.51,2.27,2.43,115.3281,2945.83,63.83,13.12
2019-05-01,2.45,2.52,2.31,2.43,115.0022,2923.73,63.55,14.8
2019-05-02,2.41,2.55,2.35,2.47,115.5617,2917.52,61.75,14.42
2019-05-03,2.4,2.54,2.33,2.43,115.2646,2945.64,61.98,12.87
2019-05-04,2.4,2.54,2.33,2.43,115.2646,2945.64,61.98,12.87
2019-05-05,2.4,2.54,2.33,2.43,115.2646,2945.64,61.98,12.87
2019-05-06,2.4,2.51,2.31,2.44,115.3811,2932.47,62.3,15.44
2019-05-07,2.4,2.45,2.28,2.43,115.6116,2884.05,61.41,19.32
2019-05-08,2.39,2.49,2.3,2.43,115.5171,2879.42,62.13,19.4
2019-05-09,2.38,2.45,2.26,2.43,115.8421,2870.72,61.58,19.1
2019-05-10,2.38,2.47,2.26,2.43,115.5334,2881.4,61.65,16.04
2019-05-11,2.38,2.47,2.26,2.43,115.5334,2881.4,61.65,16.04
2019-05-12,2.38,2.47,2.26,2.43,115.5334,2881.4,61.65,16.04
2019-05-13,2.38,2.4,2.18,2.41,115.915,2811.87,60.97,20.55
2019-05-14,2.38,2.42,2.2,2.41,115.9425,2834.41,61.82,18.06
2019-05-15,2.4,2.37,2.16,2.42,115.8565,2850.96,62.03,16.44
2019-05-16,2.39,2.4,2.2,2.4,116.0346,2876.32,62.93,15.29
2019-05-17,2.39,2.39,2.2,2.39,116.448,2859.53,62.77,15.96
2019-05-18,2.39,2.39,2.2,2.39,116.448,2859.53,62.77,15.96
2019-05-19,2.39,2.39,2.2,2.39,116.448,2859.53,62.77,15.96
2019-05-20,2.39,2.41,2.21,2.39,116.3119,2840.23,63.12,16.31
2019-05-21,2.39,2.43,2.26,2.39,116.2844,2864.36,63.02,14.95
2019-05-22,2.38,2.39,2.23,2.38,116.2412,2856.27,61.42,14.75
2019-05-23,2.38,2.31,2.12,2.37,116.2368,2822.24,57.65,16.92
2019-05-24,2.38,2.32,2.16,2.35,116.0806,2826.06,58.4,15.85
2019-05-25,2.38,2.32,2.16,2.35,116.0806,2826.06,58.4,15.85
2019-05-26,2.38,2.32,2.16,2.35,116.0806,2826.06,58.4,15.85
2019-05-27,2.38,2.32,2.16,2.35,116.0806,2826.06,58.4,15.85
2019-05-28,2.39,2.26,2.12,2.37,116.3174,2802.39,58.91,17.5
2019-05-29,2.39,2.25,2.09,2.37,116.5535,2783.02,58.84,17.9
2019-05-30,2.39,2.22,2.06,2.38,116.3989,2788.86,56.47,17.3
2019-05-31,2.4,2.14,1.95,2.35,116.7273,2752.06,53.49,18.71
2019-06-01,2.4,2.14,1.95,2.35,116.7273,2752.06,53.49,18.71
2019-06-02,2.4,2.14,1.95,2.35,116.7273,2752.06,53.49,18.71
2019-06-03,2.38,2.07,1.82,2.35,116.4764,2744.45,53.25,18.86
2019-06-04,2.38,2.12,1.88,2.35,116.091,2803.27,53.5,16.97
2019-06-05,2.38,2.12,1.83,2.35,116.03,2826.15,51.57,16.09
2019-06-06,2.37,2.12,1.88,2.33,115.9771,2843.49,52.59,15.93
2019-06-07,2.37,2.09,1.85,2.28,115.7368,2873.34,53.95,16.3
2019-06-08,2.37,2.09,1.85,2.28,115.7368,2873.34,53.95,16.3
2019-06-09,2.37,2.09,1.85,2.28,115.7368,2873.34,53.95,16.3
2019-06-10,2.37,2.15,1.9,2.29,115.5001,2886.73,53.33,15.94
2019-06-11,2.37,2.15,1.93,2.27,115.3794,2885.72,53.3,15.99
2019-06-12,2.37,2.13,1.88,2.24,115.438,2879.84,51.13,15.91
2019-06-13,2.37,2.1,1.83,2.19,115.6275,2891.64,52.38,15.82
2019-06-14,2.36,2.09,1.84,2.2,115.9057,2886.98,52.47,15.28
2019-06-15,2.36,2.09,1.84,2.2,115.9057,2886.98,52.47,15.28
2019-06-16,2.36,2.09,1.84,2.2,115.9057,2886.98,52.47,15.28
2019-06-17,2.38,2.09,1.86,2.23,115.9684,2889.67,51.94,15.35
2019-06-18,2.37,2.06,1.86,2.22,115.8797,2917.75,53.86,15.15
2019-06-19,2.37,2.03,1.74,2.18,115.7889,2926.46,53.74,14.33
2019-06-20,2.37,2.01,1.72,2.14,114.8046,2954.18,56.88,14.75
2019-06-21,2.38,2.07,1.77,2.11,114.8377,2950.46,57.35,15.4
2019-06-22,2.38,2.07,1.77,2.11,114.8377,2950.46,57.35,15.4
2019-06-23,2.38,2.07,1.77,2.11,114.8377,2950.46,57.35,15.4
2019-06-24,2.38,2.02,1.72,2.13,114.6559,2945.35,57.73,15.26
2019-06-25,2.38,2.0,1.71,2.12,114.6363,2917.38,57.63,16.28
2019-06-26,2.38,2.05,1.77,2.15,114.5608,2913.78,59.17,16.21
2019-06-27,2.38,2.01,1.74,2.14,114.665,2924.92,59.18,15.82
2019-06-28,2.4,2.0,1.75,2.12,114.5821,2941.76,58.2,15.08
2019-06-29,2.4,2.0,1.75,2.12,114.5821,2941.76,58.2,15.08
2019-06-30,2.4,2.0,1.75,2.12,114.5821,2941.76,58.2,15.08
2019-07-01,2.39,2.03,1.78,2.21,114.7239,2964.33,58.91,14.06
2019-07-02,2.4,1.98,1.77,2.2,114.8258,2973.01,56.0,12.93
2019-07-03,2.41,1.96,1.77,2.21,114.8135,2995.82,57.06,12.57
2019-07-04,2.41,1.96,1.77,2.21,114.8135,2995.82,57.06,12.57
2019-07-05,2.42,2.04,1.87,2.23,115.1132,2990.41,57.06,13.28
2019-07-06,2.42,2.04,1.87,2.23,115.1132,2990.41,57.06,13.28
2019-07-07,2.42,2.04,1.87,2.23,115.1132,2990.41,57.06,13.28
2019-07-08,2.41,2.05,1.88,2.26,115.0254,2975.95,57.35,13.96
2019-07-09,2.41,2.07,1.92,2.26,115.1017,2979.63,57.57,14.09
2019-07-10,2.41,2.07,1.82,2.2,115.0879,2993.07,60.28,13.03
2019-07-11,2.4,2.13,1.85,2.17,114.8361,2999.91,59.93,12.93
2019-07-12,2.38,2.12,1.84,2.14,114.7685,3013.77,59.99,12.39
2019-07-13,2.38,2.12,1.84,2.14,114.7685,3013.77,59.99,12.39
2019-07-14,2.38,2.12,1.84,2.14,114.7685,3013.77,59.99,12.39
2019-07-15,2.4,2.09,1.83,2.16,114.6819,3014.3,59.3,12.68
2019-07-16,2.41,2.13,1.87,2.15,115.0111,3004.04,57.44,12.86
2019-07-17,2.41,2.06,1.83,2.14,114.8819,2984.42,56.5,13.97
2019-07-18,2.41,2.04,1.77,2.05,114.8744,2995.11,55.08,13.53
2019-07-19,2.41,2.05,1.8,2.06,114.8695,2976.61,55.42,14.45
2019-07-20,2.41,2.05,1.8,2.06,114.8695,2976.61,55.42,14.45
2019-07-21,2.41,2.05,1.8,2.06,114.8695,2976.61,55.42,14.45
2019-07-22,2.4,2.05,1.8,2.09,115.0018,2985.03,55.87,13.53
2019-07-23,2.4,2.08,1.83,2.06,115.2995,3005.47,56.58,12.61
2019-07-24,2.4,2.05,1.83,2.1,115.2436,3019.56,55.9,12.07
2019-07-25,2.4,2.08,1.86,2.1,115.2982,3003.67,55.88,12.74
2019-07-26,2.4,2.08,1.86,2.12,115.5449,3025.86,56.04,12.16
2019-07-27,2.4,2.08,1.86,2.12,115.5449,3025.86,56.04,12.16
2019-07-28,2.4,2.08,1.86,2.12,115.5449,3025.86,56.04,12.16
2019-07-29,2.4,2.06,1.85,2.12,115.5885,3020.97,56.85,12.83
2019-07-30,2.39,2.06,1.85,2.08,115.6211,3013.18,58.04,13.94
2019-07-31,2.4,2.02,1.89,2.08,115.4946,2980.38,58.53,16.12
2019-08-01,2.14,1.9,1.73,2.07,116.0499,2953.56,53.64,17.87
2019-08-02,2.14,1.86,1.72,2.06,116.1864,2932.05,55.67,17.61
2019-08-03,2.14,1.86,1.72,2.06,116.1864,2932.05,55.67,17.61
2019-08-04,2.14,1.86,1.72,2.06,116.1864,2932.05,55.67,17.61
2019-08-05,2.13,1.75,1.59,2.05,116.5851,2844.74,54.63,24.59
2019-08-06,2.13,1.73,1.6,2.05,116.6904,2881.77,53.6,20.17
2019-08-07,2.12,1.71,1.59,2.02,116.7987,2883.98,51.14,19.49
2019-08-08,2.12,1.72,1.62,2.02,116.474,2938.09,52.6,16.91
2019-08-09,2.12,1.74,1.63,2.0,116.4419,2918.65,54.41,17.97
2019-08-10,2.12,1.74,1.63,2.0,116.4419,2918.65,54.41,17.97
2019-08-11,2.12,1.74,1.63,2.0,116.4419,2918.65,54.41,17.97
2019-08-12,2.12,1.65,1.58,2.0,116.7548,2883.75,54.98,21.09
2019-08-13,2.12,1.68,1.66,2.0,116.7267,2926.32,57.05,17.52
2019-08-14,2.12,1.59,1.58,1.96,117.0913,2840.6,55.16,22.1
2019-08-15,2.13,1.52,1.48,1.91,117.2239,2847.6,54.51,21.18
2019-08-16,2.13,1.55,1.48,1.87,117.0786,2888.68,54.83,18.47
2019-08-17,2.13,1.55,1.48,1.87,117.0786,2888.68,54.83,18.47
2019-08-18,2.13,1.55,1.48,1.87,117.0786,2888.68,54.83,18.47
2019-08-19,2.13,1.6,1.53,1.94,117.3886,2923.65,56.24,16.88
2019-08-20,2.13,1.55,1.5,1.94,117.3726,2900.51,56.18,17.5
2019-08-21,2.12,1.59,1.56,1.97,117.1764,2924.43,55.65,15.8
2019-08-22,2.12,1.62,1.61,2.0,117.3558,2922.95,55.33,16.68
2019-08-23,2.12,1.52,1.51,1.97,117.3009,2847.11,54.08,19.87
2019-08-24,2.12,1.52,1.51,1.97,117.3009,2847.11,54.08,19.87
2019-08-25,2.12,1.52,1.51,1.97,117.3009,2847.11,54.08,19.87
2019-08-26,2.12,1.54,1.54,2.01,117.6658,2878.38,53.54,19.32
2019-08-27,2.12,1.49,1.53,1.98,117.75,2869.16,54.99,20.31
2019-08-28,2.12,1.47,1.5,1.99,117.8767,2887.94,55.76,19.35
2019-08-29,2.12,1.5,1.53,1.99,118.0625,2924.58,56.67,17.88
2019-08-30,2.13,1.5,1.5,1.99,118.1575,2926.46,55.07,18.98
2019-08-31,2.13,1.5,1.5,1.99,118.1575,2926.46,55.07,18.98
2019-09-01,2.13,1.5,1.5,1.99,118.1575,2926.46,55.07,18.98
2019-09-02,2.13,1.5,1.5,1.99,118.1575,2926.46,55.07,18.98
2019-09-03,2.13,1.47,1.47,1.98,118.3113,2906.27,53.91,19.66
2019-09-04,2.13,1.47,1.43,1.97,117.6729,2937.78,56.22,17.33
2019-09-05,2.13,1.57,1.55,1.97,117.4776,2976.0,56.33,16.27
2019-09-06,2.12,1.55,1.53,1.96,117.1292,2978.71,56.45,15.0
2019-09-07,2.12,1.55,1.53,1.96,117.1292,2978.71,56.45,15.0
2019-09-08,2.12,1.55,1.53,1.96,117.1292,2978.71,56.45,15.0
2019-09-09,2.13,1.63,1.58,1.96,117.0601,2978.43,57.88,15.27
2019-09-10,2.13,1.72,1.67,1.95,117.0887,2979.39,57.37,15.2
2019-09-11,2.13,1.75,1.68,1.96,117.3125,3000.93,55.66,14.61
2019-09-12,2.13,1.79,1.72,1.95,116.8375,3009.57,55.13,14.22
2019-09-13,2.14,1.9,1.79,1.96,116.7677,3007.39,54.76,13.74
2019-09-14,2.14,1.9,1.79,1.96,116.7677,3007.39,54.76,13.74
2019-09-15,2.14,1.9,1.79,1.96,116.7677,3007.39,54.76,13.74
2019-09-16,2.25,1.84,1.74,1.99,117.0251,2997.96,63.1,14.67
2019-09-17,2.3,1.81,1.72,1.99,116.9826,3005.7,59.26,14.44
2019-09-18,2.25,1.8,1.77,1.95,116.9766,3006.73,58.19,13.95
2019-09-19,1.9,1.79,1.74,1.93,117.0861,3006.79,58.19,14.05
2019-09-20,1.9,1.74,1.69,1.91,117.1819,2992.07,57.92,15.32
2019-09-21,1.9,1.74,1.69,1.91,117.1819,2992.07,57.92,15.32
2019-09-22,1.9,1.74,1.69,1.91,117.1819,2992.07,57.92,15.32
2019-09-23,1.9,1.72,1.68,1.94,117.2986,2991.78,58.69,14.91
2019-09-24,1.9,1.64,1.6,1.92,117.2227,2966.6,57.22,17.05
2019-09-25,1.9,1.73,1.68,1.89,117.6527,2984.87,56.38,15.96
2019-09-26,1.85,1.7,1.66,1.83,117.7267,2977.62,56.24,16.07
2019-09-27,1.83,1.69,1.63,1.8,117.7218,2961.79,55.95,17.22
2019-09-28,1.83,1.69,1.63,1.8,117.7218,2961.79,55.95,17.22
2019-09-29,1.83,1.69,1.63,1.8,117.7218,2961.79,55.95,17.22
2019-09-30,1.9,1.68,1.63,1.88,117.9461,2976.74,54.09,16.24
2019-10-01,1.88,1.65,1.56,1.82,117.9595,2940.25,53.6,18.56
2019-10-02,1.85,1.6,1.48,1.79,117.9671,2887.61,52.67,20.56
2019-10-03,1.83,1.54,1.39,1.7,117.6608,2910.63,52.41,19.12
2019-10-04,1.82,1.52,1.4,1.71,117.5288,2952.01,52.84,17.04
2019-10-05,1.82,1.52,1.4,1.71,117.5288,2952.01,52.84,17.04
2019-10-06,1.82,1.52,1.4,1.71,117.5288,2952.01,52.84,17.04
2019-10-07,1.82,1.56,1.46,1.75,117.5533,2938.79,52.76,17.86
2019-10-08,1.82,1.54,1.42,1.72,117.7407,2893.06,52.64,20.28
2019-10-09,1.82,1.59,1.47,1.69,117.6835,2919.4,52.63,18.64
2019-10-10,1.82,1.67,1.53,1.68,117.2801,2938.13,53.57,17.57
2019-10-11,1.82,1.76,1.63,1.68,116.8239,2970.27,54.76,15.58
2019-10-12,1.82,1.76,1.63,1.68,116.8239,2970.27,54.76,15.58
2019-10-13,1.82,1.76,1.63,1.68,116.8239,2970.27,54.76,15.58
2019-10-14,1.82,1.76,1.63,1.68,116.8239,2966.15,53.57,14.57
2019-10-15,1.9,1.77,1.61,1.67,116.8111,2995.68,52.81,13.54
2019-10-16,1.9,1.75,1.58,1.66,116.6425,2989.69,53.42,13.68
2019-10-17,1.85,1.76,1.6,1.66,116.2615,2997.95,53.89,13.79
2019-10-18,1.85,1.76,1.58,1.66,116.1344,2986.2,53.75,14.25
2019-10-19,1.85,1.76,1.58,1.66,116.1344,2986.2,53.75,14.25
2019-10-20,1.85,1.76,1.58,1.66,116.1344,2986.2,53.75,14.25
2019-10-21,1.85,1.8,1.62,1.67,116.0436,3006.72,53.28,14.0
2019-10-22,1.85,1.78,1.6,1.65,115.9851,2995.99,54.21,14.46
2019-10-23,1.85,1.77,1.58,1.65,116.0586,3004.52,55.9,14.01
2019-10-24,1.85,1.77,1.58,1.67,116.1278,3010.29,56.11,13.71
2019-10-25,1.83,1.8,1.63,1.66,116.0774,3022.55,56.52,12.65
2019-10-26,1.83,1.8,1.63,1.66,116.0774,3022.55,56.52,12.65
2019-10-27,1.83,1.8,1.63,1.66,116.0774,3022.55,56.52,12.65
2019-10-28,1.83,1.85,1.64,1.65,116.0222,3039.42,55.6,13.11
2019-10-29,1.82,1.84,1.64,1.63,115.9797,3036.89,55.34,13.2
2019-10-30,1.82,1.78,1.61,1.62,116.1636,3046.77,54.85,12.33
2019-10-31,1.58,1.69,1.52,1.54,115.9125,3037.56,54.02,13.22
2019-11-01,1.57,1.73,1.56,1.52,115.7312,3066.91,56.04,12.3
2019-11-02,1.57,1.73,1.56,1.52,115.7312,3066.91,56.04,12.3
2019-11-03,1.57,1.73,1.56,1.52,115.7312,3066.91,56.04,12.3
2019-11-04,1.56,1.79,1.6,1.53,115.8624,3078.27,56.33,12.83
2019-11-05,1.56,1.86,1.63,1.56,116.1138,3074.62,57.04,13.1
2019-11-06,1.55,1.81,1.61,1.56,116.1004,3076.78,56.15,12.62
2019-11-07,1.55,1.92,1.68,1.56,116.1172,3085.18,56.91,12.73
2019-11-08,1.55,1.94,1.68,1.55,116.3436,3093.08,57.02,12.07
2019-11-09,1.55,1.94,1.68,1.55,116.3436,3093.08,57.02,12.07
2019-11-10,1.55,1.94,1.68,1.55,116.3436,3093.08,57.02,12.07
2019-11-11,1.55,1.94,1.68,1.55,116.3436,3087.01,57.02,12.69
2019-11-12,1.55,1.92,1.66,1.59,116.5837,3091.84,56.67,12.68
2019-11-13,1.55,1.88,1.63,1.57,116.8397,3094.04,56.88,13.0
2019-11-14,1.55,1.82,1.58,1.57,116.8022,3096.63,56.57,13.05
2019-11-15,1.55,1.84,1.61,1.57,116.4401,3120.46,57.54,12.05
2019-11-16,1.55,1.84,1.61,1.57,116.4401,3120.46,57.54,12.05
2019-11-17,1.55,1.84,1.61,1.57,116.4401,3120.46,57.54,12.05
2019-11-18,1.55,1.81,1.6,1.57,116.3625,3122.03,56.82,12.46
2019-11-19,1.55,1.79,1.6,1.57,116.5391,3120.18,54.93,12.86
2019-11-20,1.55,1.73,1.56,1.57,116.828,3108.46,56.71,12.78
2019-11-21,1.55,1.77,1.6,1.58,116.7435,3103.54,58.36,13.13
2019-11-22,1.55,1.77,1.61,1.58,116.9137,3110.29,57.68,12.34
2019-11-23,1.55,1.77,1.61,1.58,116.9137,3110.29,57.68,12.34
2019-11-24,1.55,1.77,1.61,1.58,116.9137,3110.29,57.68,12.34
2019-11-25,1.55,1.76,1.61,1.61,117.0098,3133.64,57.79,11.87
2019-11-26,1.55,1.74,1.58,1.6,117.0513,3140.52,58.25,11.54
2019-11-27,1.55,1.77,1.63,1.62,117.1273,3153.63,58.12,11.75
2019-11-28,1.55,1.77,1.63,1.62,117.1273,3153.63,58.12,11.75
2019-11-29,1.56,1.78,1.61,1.59,117.1204,3140.98,58.12,12.62
2019-11-30,1.56,1.78,1.61,1.59,117.1204,3140.98,58.12,12.62
2019-12-01,1.56,1.78,1.61,1.59,117.1204,3140.98,58.12,12.62
2019-12-02,1.56,1.83,1.61,1.6,116.9647,3113.87,55.97,14.91
2019-12-03,1.55,1.72,1.53,1.57,116.8898,3093.2,56.15,15.96
2019-12-04,1.55,1.77,1.58,1.55,116.692,3112.76,58.46,14.8
2019-12-05,1.55,1.8,1.58,1.54,116.3838,3117.43,58.42,14.52
2019-12-06,1.55,1.84,1.61,1.53,116.5381,3145.91,59.2,13.62
2019-12-07,1.55,1.84,1.61,1.53,116.5381,3145.91,59.2,13.62
2019-12-08,1.55,1.84,1.61,1.53,116.5381,3145.91,59.2,13.62
2019-12-09,1.55,1.83,1.63,1.54,116.3283,3135.96,58.99,15.86
2019-12-10,1.55,1.85,1.65,1.56,116.2542,3132.52,59.22,15.68
2019-12-11,1.55,1.79,1.61,1.57,116.1478,3141.63,58.74,14.99
2019-12-12,1.55,1.9,1.66,1.56,115.8741,3168.57,59.18,13.94
2019-12-13,1.55,1.82,1.61,1.57,115.6967,3168.8,60.11,12.63
2019-12-14,1.55,1.82,1.61,1.57,115.6967,3168.8,60.11,12.63
2019-12-15,1.55,1.82,1.61,1.57,115.6967,3168.8,60.11,12.63
2019-12-16,1.56,1.89,1.65,1.57,115.555,3191.45,60.21,12.14
2019-12-17,1.55,1.89,1.63,1.56,115.5553,3192.52,60.88,12.29
2019-12-18,1.55,1.92,1.63,1.56,115.6618,3191.14,60.93,12.58
2019-12-19,1.55,1.92,1.62,1.57,115.5988,3205.37,61.3,12.5
2019-12-20,1.55,1.92,1.63,1.58,115.7598,3221.22,60.43,12.51
2019-12-21,1.55,1.92,1.63,1.58,115.7598,3221.22,60.43,12.51
2019-12-22,1.55,1.92,1.63,1.58,115.7598,3221.22,60.43,12.51
2019-12-23,1.55,1.93,1.64,1.59,115.8059,3224.01,60.51,12.61
2019-12-24,1.55,1.9,1.62,1.58,115.8059,3223.38,61.17,12.67
2019-12-25,1.55,1.9,1.62,1.58,115.8059,3223.38,61.17,12.67
2019-12-26,1.55,1.9,1.64,1.58,115.634,3239.91,61.72,12.65
2019-12-27,1.55,1.88,1.59,1.57,115.22,3240.02,61.76,13.43
2019-12-28,1.55,1.88,1.59,1.57,115.22,3240.02,61.76,13.43
2019-12-29,1.55,1.88,1.59,1.57,115.22,3240.02,61.76,13.43
2019-12-30,1.55,1.9,1.58,1.57,114.9631,3221.29,61.66,14.82
2019-12-31,1.55,1.92,1.58,1.55,114.669,3230.78,61.14,13.78
2020-01-01,1.55,1.92,1.58,1.55,114.669,3230.78,61.14,13.78
2020-01-02,1.55,1.88,1.58,1.54,114.9745,3257.85,61.17,12.47
2020-01-03,1.55,1.8,1.53,1.52,114.9867,3234.85,63.0,14.02
2020-01-04,1.55,1.8,1.53,1.52,114.9867,3234.85,63.0,14.02
2020-01-05,1.55,1.8,1.53,1.52,114.9867,3234.85,63.0,14.02
2020-01-06,1.55,1.81,1.54,1.56,114.9557,3246.28,63.27,13.85
2020-01-07,1.55,1.83,1.54,1.54,115.1477,3237.18,62.7,13.79
2020-01-08,1.55,1.87,1.58,1.54,115.1328,3253.05,59.65,13.45
2020-01-09,1.55,1.85,1.58,1.54,115.2331,3274.7,59.56,12.54
2020-01-10,1.54,1.83,1.56,1.54,115.0677,3265.35,59.02,12.56
2020-01-11,1.54,1.83,1.56,1.54,115.0677,3265.35,59.02,12.56
2020-01-12,1.54,1.83,1.56,1.54,115.0677,3265.35,59.02,12.56
2020-01-13,1.54,1.85,1.58,1.57,115.0342,3288.13,58.17,12.32
2020-01-14,1.54,1.82,1.58,1.57,115.0239,3283.15,58.34,12.39
2020-01-15,1.54,1.79,1.56,1.57,114.9528,3289.29,57.86,12.42
2020-01-16,1.54,1.81,1.58,1.55,115.0006,3316.81,58.52,12.32
2020-01-17,1.55,1.84,1.58,1.56,115.0656,3329.62,58.55,12.1
2020-01-18,1.55,1.84,1.58,1.56,115.0656,3329.62,58.55,12.1
2020-01-19,1.55,1.84,1.58,1.56,115.0656,3329.62,58.55,12.1
2020-01-20,1.55,1.84,1.58,1.56,115.0656,3329.62,58.55,12.1
2020-01-21,1.55,1.78,1.53,1.56,115.1876,3320.79,58.25,12.85
2020-01-22,1.55,1.77,1.53,1.55,115.2273,3321.75,56.76,12.91
2020-01-23,1.55,1.74,1.51,1.55,115.5545,3325.54,55.51,12.98
2020-01-24,1.55,1.7,1.49,1.54,115.5556,3295.47,54.09,14.56
2020-01-25,1.55,1.7,1.49,1.54,115.5556,3295.47,54.09,14.56
2020-01-26,1.55,1.7,1.49,1.54,115.5556,3295.47,54.09,14.56
2020-01-27,1.55,1.61,1.44,1.55,115.8004,3243.63,53.09,18.23
2020-01-28,1.55,1.65,1.45,1.57,115.7239,3276.24,53.33,16.28
2020-01-29,1.55,1.6,1.42,1.56,115.7003,3273.4,53.29,16.39
2020-01-30,1.6,1.57,1.41,1.57,115.8077,3283.66,52.19,15.49
2020-01-31,1.59,1.51,1.33,1.55,115.7345,3225.52,51.58,18.84
2020-02-01,1.59,1.51,1.33,1.55,115.7345,3225.52,51.58,18.84
2020-02-02,1.59,1.51,1.33,1.55,115.7345,3225.52,51.58,18.84
2020-02-03,1.59,1.54,1.36,1.57,116.1172,3248.92,50.06,17.97
2020-02-04,1.59,1.61,1.41,1.57,115.9291,3297.59,49.59,16.05
2020-02-05,1.59,1.66,1.44,1.57,116.009,3334.69,50.87,15.15
2020-02-06,1.59,1.65,1.44,1.57,116.1518,3345.78,50.94,14.96
2020-02-07,1.58,1.59,1.41,1.56,116.5086,3327.71,50.34,15.47
2020-02-08,1.58,1.59,1.41,1.56,116.5086,3327.71,50.34,15.47
2020-02-09,1.58,1.59,1.41,1.56,116.5086,3327.71,50.34,15.47
2020-02-10,1.58,1.56,1.37,1.58,116.5711,3352.09,49.59,15.04
2020-02-11,1.58,1.59,1.41,1.57,116.3585,3357.75,50.0,15.18
2020-02-12,1.58,1.62,1.44,1.58,116.2794,3379.45,51.13,13.74
2020-02-13,1.58,1.61,1.44,1.59,116.3999,3373.94,51.41,14.15
2020-02-14,1.58,1.59,1.42,1.58,116.4223,3380.16,52.03,13.68
2020-02-15,1.58,1.59,1.42,1.58,116.4223,3380.16,52.03,13.68
2020-02-16,1.58,1.59,1.42,1.58,116.4223,3380.16,52.03,13.68
2020-02-17,1.58,1.59,1.42,1.58,116.4223,3380.16,52.03,13.68
2020-02-18,1.59,1.55,1.41,1.58,116.6039,3370.29,52.1,14.83
2020-02-19,1.59,1.56,1.42,1.58,116.7829,3386.15,53.31,14.38
2020-02-20,1.59,1.52,1.39,1.58,117.2454,3373.23,53.77,15.56
2020-02-21,1.58,1.46,1.34,1.56,117.0473,3337.75,53.36,17.08
2020-02-22,1.58,1.46,1.34,1.56,117.0473,3337.75,53.36,17.08
2020-02-23,1.58,1.46,1.34,1.56,117.0473,3337.75,53.36,17.08
2020-02-24,1.58,1.38,1.26,1.53,117.4018,3225.89,51.36,25.03
2020-02-25,1.58,1.33,1.2,1.53,117.2425,3128.21,49.78,27.85
2020-02-26,1.58,1.33,1.16,1.53,117.405,3116.39,48.67,27.56
2020-02-27,1.58,1.3,1.11,1.45,117.3678,2978.76,47.17,39.16
2020-02-28,1.58,1.13,0.86,1.27,117.6568,2954.22,44.83,40.11
2020-02-29,1.58,1.13,0.86,1.27,117.6568,2954.22,44.83,40.11
2020-03-01,1.58,1.13,0.86,1.27,117.6568,2954.22,44.83,40.11
2020-03-02,1.59,1.1,0.84,1.13,116.8144,3090.23,46.78,33.42
2020-03-03,1.59,1.02,0.71,0.95,116.4958,3003.37,47.27,36.82
2020-03-04,1.09,1.02,0.67,0.72,116.7802,3130.12,46.78,31.99
2020-03-05,1.09,0.92,0.59,0.62,116.7901,3023.94,45.9,39.62
2020-03-06,1.09,0.74,0.49,0.45,116.7106,2972.37,41.14,41.94
2020-03-07,1.09,0.74,0.49,0.45,116.7106,2972.37,41.14,41.94
2020-03-08,1.09,0.74,0.49,0.45,116.7106,2972.37,41.14,41.94
2020-03-09,1.09,0.54,0.38,0.33,117.1871,2746.56,31.05,54.46
2020-03-10,1.09,0.76,0.5,0.44,117.9027,2882.23,34.47,47.3
2020-03-11,1.09,0.82,0.5,0.42,118.2505,2741.38,33.13,53.9
2020-03-12,1.1,0.88,0.5,0.33,120.4883,2480.64,31.56,75.47
2020-03-13,1.1,0.94,0.49,0.28,120.4388,2711.02,31.72,57.83
2020-03-14,1.1,0.94,0.49,0.28,120.4388,2711.02,31.72,57.83
2020-03-15,1.1,0.94,0.49,0.28,120.4388,2711.02,31.72,57.83
2020-03-16,0.25,0.73,0.36,0.24,120.9352,2386.13,28.96,82.69
2020-03-17,0.25,1.02,0.47,0.19,122.4816,2529.19,26.96,75.91
2020-03-18,0.25,1.18,0.54,0.02,124.1623,2398.1,20.48,76.45
2020-03-19,0.2,1.12,0.44,0.04,125.0587,2409.39,25.09,72.0
2020-03-20,0.15,0.92,0.37,0.05,124.9362,2304.92,19.48,66.04
2020-03-21,0.15,0.92,0.37,0.05,124.9362,2304.92,19.48,66.04
2020-03-22,0.15,0.92,0.37,0.05,124.9362,2304.92,19.48,66.04
2020-03-23,0.15,0.76,0.28,0.02,126.1262,2237.4,23.33,61.59
2020-03-24,0.12,0.84,0.38,0.01,125.5001,2447.33,21.03,61.67
2020-03-25,0.1,0.88,0.34,0.0,124.7916,2475.56,20.75,63.95
2020-03-26,0.1,0.83,0.3,0.0,122.4308,2630.07,16.6,61.0
2020-03-27,0.1,0.72,0.25,0.03,122.4007,2541.47,15.48,65.54
2020-03-28,0.1,0.72,0.25,0.03,122.4007,2541.47,15.48,65.54
2020-03-29,0.1,0.72,0.25,0.03,122.4007,2541.47,15.48,65.54
2020-03-30,0.09,0.7,0.23,0.12,123.2883,2626.65,14.1,57.08
2020-03-31,0.08,0.7,0.23,0.11,122.5301,2584.59,20.51,53.54
2020-04-01,0.06,0.62,0.23,0.09,123.7933,2470.5,20.28,57.06
2020-04-02,0.05,0.63,0.23,0.09,123.5916,2526.9,25.18,50.91
2020-04-03,0.05,0.62,0.23,0.1,124.4152,2488.65,28.36,46.8
2020-04-04,0.05,0.62,0.23,0.1,124.4152,2488.65,28.36,46.8
2020-04-05,0.05,0.62,0.23,0.1,124.4152,2488.65,28.36,46.8
2020-04-06,0.05,0.67,0.27,0.15,124.16,2663.68,26.21,45.24
2020-04-07,0.05,0.75,0.28,0.14,123.0956,2659.41,23.54,46.7
2020-04-08,0.05,0.77,0.27,0.22,123.2216,2749.98,24.97,43.35
2020-04-09,0.05,0.73,0.23,0.25,122.476,2789.82,22.9,41.67
2020-04-10,0.05,0.73,0.23,0.25,122.1592,2789.82,22.9,41.67
2020-04-11,0.05,0.73,0.23,0.25,122.1592,2789.82,22.9,41.67
2020-04-12,0.05,0.73,0.23,0.25,122.1592,2789.82,22.9,41.67
2020-04-13,0.05,0.76,0.25,0.26,122.5203,2761.63,22.36,41.17
2020-04-14,0.05,0.76,0.23,0.2,122.1121,2846.06,20.15,37.76
2020-04-15,0.05,0.63,0.2,0.14,123.0752,2783.36,19.96,40.84
2020-04-16,0.05,0.61,0.2,0.14,123.4615,2799.55,19.82,40.11
2020-04-17,0.05,0.65,0.2,0.12,122.871,2874.56,18.31,38.15
2020-04-18,0.05,0.65,0.2,0.12,122.871,2874.56,18.31,38.15
2020-04-19,0.05,0.65,0.2,0.12,122.871,2874.56,18.31,38.15
2020-04-20,0.05,0.63,0.2,0.12,123.1033,2823.16,-36.98,43.83
2020-04-21,0.05,0.58,0.2,0.11,123.9116,2736.56,8.91,45.41
2020-04-22,0.05,0.63,0.22,0.12,123.9256,2799.31,13.64,41.98
2020-04-23,0.04,0.61,0.22,0.11,123.7542,2797.8,15.06,41.38
2020-04-24,0.05,0.6,0.22,0.12,124.1615,2836.74,15.99,35.93
2020-04-25,0.05,0.6,0.22,0.12,124.1615,2836.74,15.99,35.93
2020-04-26,0.05,0.6,0.22,0.12,124.1615,2836.74,15.99,35.93
2020-04-27,0.04,0.67,0.24,0.12,123.8843,2878.48,12.17,33.29
2020-04-28,0.04,0.62,0.2,0.11,123.3693,2863.39,12.4,33.57
2020-04-29,0.04,0.63,0.2,0.1,122.7782,2939.51,15.04,31.23
2020-04-30,0.05,0.64,0.2,0.09,122.327,2912.43,19.23,34.15
2020-05-01,0.05,0.64,0.2,0.12,123.1492,2830.71,19.72,37.19
2020-05-02,0.05,0.64,0.2,0.12,123.1492,2830.71,19.72,37.19
2020-05-03,0.05,0.64,0.2,0.12,123.1492,2830.71,19.72,37.19
2020-05-04,0.05,0.64,0.19,0.13,123.2117,2842.74,20.47,35.97
2020-05-05,0.05,0.66,0.19,0.13,122.803,2868.44,24.56,33.61
2020-05-06,0.05,0.72,0.17,0.12,123.609,2848.42,23.88,34.12
2020-05-07,0.05,0.63,0.13,0.11,123.1249,2881.19,23.68,31.44
2020-05-08,0.05,0.69,0.16,0.12,122.5379,2929.8,24.73,27.98
2020-05-09,0.05,0.69,0.16,0.12,122.5379,2929.8,24.73,27.98
2020-05-10,0.05,0.69,0.16,0.12,122.5379,2929.8,24.73,27.98
2020-05-11,0.05,0.73,0.17,0.12,123.2333,2930.32,24.02,27.57
2020-05-12,0.05,0.69,0.17,0.13,123.0592,2870.12,25.76,33.04
2020-05-13,0.05,0.64,0.16,0.13,123.5408,2820.0,25.37,35.28
2020-05-14,0.05,0.63,0.16,0.12,123.6429,2852.5,27.4,32.61
2020-05-15,0.05,0.64,0.16,0.12,123.5991,2863.7,29.44,31.89
2020-05-16,0.05,0.64,0.16,0.12,123.5991,2863.7,29.44,31.89
2020-05-17,0.05,0.64,0.16,0.12,123.5991,2863.7,29.44,31.89
2020-05-18,0.05,0.73,0.18,0.13,122.7968,2953.91,31.83,29.3
2020-05-19,0.05,0.7,0.17,0.13,122.5655,2922.94,32.3,30.53
2020-05-20,0.05,0.68,0.16,0.12,122.1007,2971.61,33.56,27.99
2020-05-21,0.05,0.68,0.17,0.12,122.0914,2948.51,34.3,29.53
2020-05-22,0.05,0.66,0.17,0.12,122.3211,2955.45,33.49,28.16
2020-05-23,0.05,0.66,0.17,0.12,122.3211,2955.45,33.49,28.16
2020-05-24,0.05,0.66,0.17,0.12,122.3211,2955.45,33.49,28.16
2020-05-25,0.05,0.66,0.17,0.12,122.3211,2955.45,33.49,28.16
2020-05-26,0.05,0.69,0.18,0.14,121.3864,2991.77,34.7,28.01
2020-05-27,0.05,0.68,0.19,0.15,121.5677,3036.13,32.8,27.62
2020-05-28,0.05,0.7,0.17,0.15,121.0138,3029.73,33.67,28.59
2020-05-29,0.05,0.65,0.16,0.14,120.9458,3044.31,35.57,27.51
2020-05-30,0.05,0.65,0.16,0.14,120.9458,3044.31,35.57,27.51
2020-05-31,0.05,0.65,0.16,0.14,120.9458,3044.31,35.57,27.51
2020-06-01,0.05,0.66,0.14,0.14,120.2686,3055.73,35.49,28.23
2020-06-02,0.06,0.68,0.17,0.15,119.6854,3080.82,36.88,26.84
2020-06-03,0.06,0.77,0.19,0.16,119.2556,3122.87,37.33,25.66
2020-06-04,0.06,0.82,0.19,0.15,119.3014,3112.35,37.42,25.81
2020-06-05,0.07,0.91,0.22,0.15,118.8138,3193.93,39.49,24.52
2020-06-06,0.07,0.91,0.22,0.15,118.8138,3193.93,39.49,24.52
2020-06-07,0.07,0.91,0.22,0.15,118.8138,3193.93,39.49,24.52
2020-06-08,0.07,0.88,0.22,0.17,118.6621,3232.39,38.17,25.81
2020-06-09,0.07,0.84,0.2,0.19,118.5893,3207.18,38.98,27.57
2020-06-10,0.08,0.75,0.17,0.17,118.5231,3190.14,39.54,27.57
2020-06-11,0.08,0.66,0.19,0.17,119.2347,3002.1,36.43,40.79
2020-06-12,0.08,0.71,0.19,0.16,119.6645,3041.31,36.24,36.09
2020-06-13,0.08,0.71,0.19,0.16,119.6645,3041.31,36.24,36.09
2020-06-14,0.08,0.71,0.19,0.16,119.6645,3041.31,36.24,36.09
2020-06-15,0.09,0.71,0.19,0.18,119.9539,3066.59,37.07,34.4
2020-06-16,0.09,0.75,0.21,0.17,119.567,3124.74,38.26,33.67
2020-06-17,0.09,0.74,0.19,0.17,119.9105,3113.49,37.91,33.47
2020-06-18,0.09,0.71,0.19,0.16,120.2173,3115.34,38.79,32.94
2020-06-19,0.09,0.7,0.19,0.15,120.2186,3097.74,39.72,35.12
2020-06-20,0.09,0.7,0.19,0.15,120.2186,3097.74,39.72,35.12
2020-06-21,0.09,0.7,0.19,0.15,120.2186,3097.74,39.72,35.12
2020-06-22,0.08,0.71,0.19,0.16,119.7532,3117.86,40.6,31.77
2020-06-23,0.08,0.72,0.18,0.16,119.3285,3131.29,40.4,31.37
2020-06-24,0.08,0.69,0.19,0.15,119.9744,3050.33,37.91,33.84
2020-06-25,0.08,0.68,0.17,0.16,120.2997,3083.76,38.66,32.22
2020-06-26,0.08,0.64,0.17,0.14,120.533,3009.05,38.53,34.73
2020-06-27,0.08,0.64,0.17,0.14,120.533,3009.05,38.53,34.73
2020-06-28,0.08,0.64,0.17,0.14,120.533,3009.05,38.53,34.73
2020-06-29,0.08,0.64,0.16,0.14,120.6658,3053.24,39.67,31.78
2020-06-30,0.08,0.66,0.16,0.16,120.4649,3100.29,39.27,30.43
2020-07-01,0.08,0.69,0.17,0.14,120.0808,3115.86,39.88,28.62
2020-07-02,0.09,0.68,0.16,0.14,119.8555,3130.01,40.57,27.68
2020-07-03,0.09,0.68,0.16,0.14,119.8555,3130.01,40.57,27.68
2020-07-04,0.09,0.68,0.16,0.14,119.8555,3130.01,40.57,27.68
2020-07-05,0.09,0.68,0.16,0.14,119.8555,3130.01,40.57,27.68
2020-07-06,0.09,0.69,0.16,0.15,119.2852,3179.72,40.51,27.94
2020-07-07,0.09,0.65,0.16,0.15,119.5717,3145.32,40.59,29.43
2020-07-08,0.09,0.67,0.16,0.15,119.5525,3169.94,40.91,28.08
2020-07-09,0.09,0.62,0.16,0.13,119.5129,3152.05,39.64,29.26
2020-07-10,0.09,0.65,0.16,0.13,119.3509,3185.04,40.56,27.29
2020-07-11,0.09,0.65,0.16,0.13,119.3509,3185.04,40.56,27.29
2020-07-12,0.09,0.65,0.16,0.13,119.3509,3185.04,40.56,27.29
2020-07-13,0.09,0.64,0.16,0.14,119.1891,3155.22,40.06,32.19
2020-07-14,0.09,0.63,0.14,0.15,119.3901,3197.52,40.3,29.52
2020-07-15,0.1,0.64,0.16,0.16,119.0331,3226.56,41.2,27.76
2020-07-16,0.1,0.62,0.16,0.11,118.9275,3215.57,40.74,28.0
2020-07-17,0.09,0.64,0.14,0.11,119.124,3224.73,40.55,25.68
2020-07-18,0.09,0.64,0.14,0.11,119.124,3224.73,40.55,25.68
2020-07-19,0.09,0.64,0.14,0.11,119.124,3224.73,40.55,25.68
2020-07-20,0.1,0.62,0.16,0.13,119.0483,3251.84,40.83,24.46
2020-07-21,0.1,0.61,0.14,0.13,118.4042,3257.3,41.76,24.84
2020-07-22,0.09,0.6,0.14,0.13,118.1337,3276.02,41.88,24.32
2020-07-23,0.09,0.59,0.16,0.12,118.0613,3235.66,40.99,26.08
2020-07-24,0.09,0.59,0.14,0.11,118.1329,3215.63,41.23,25.84
2020-07-25,0.09,0.59,0.14,0.11,118.1329,3215.63,41.23,25.84
2020-07-26,0.09,0.59,0.14,0.11,118.1329,3215.63,41.23,25.84
2020-07-27,0.1,0.62,0.15,0.11,117.3869,3239.41,41.46,24.74
2020-07-28,0.1,0.59,0.14,0.11,117.3189,3218.44,40.89,25.44
2020-07-29,0.1,0.58,0.12,0.11,117.2126,3258.44,41.13,24.1
2020-07-30,0.1,0.55,0.11,0.09,117.4008,3246.22,39.85,24.76
2020-07-31,0.1,0.55,0.11,0.09,117.2082,3271.12,40.1,24.46
2020-08-01,0.1,0.55,0.11,0.09,117.2082,3271.12,40.1,24.46
2020-08-02,0.1,0.55,0.11,0.09,117.2082,3271.12,40.1,24.46
2020-08-03,0.1,0.56,0.11,0.1,117.8074,3294.61,40.83,24.28
2020-08-04,0.1,0.52,0.11,0.09,117.7833,3306.51,41.67,23.76
2020-08-05,0.1,0.55,0.11,0.1,116.8736,3327.77,42.25,22.99
2020-08-06,0.1,0.55,0.11,0.1,117.0422,3349.16,41.93,22.65
2020-08-07,0.1,0.57,0.13,0.1,117.6239,3351.28,41.16,22.21
2020-08-08,0.1,0.57,0.13,0.1,117.6239,3351.28,41.16,22.21
2020-08-09,0.1,0.57,0.13,0.1,117.6239,3351.28,41.16,22.21
2020-08-10,0.1,0.59,0.14,0.11,117.5821,3360.47,41.94,22.13
2020-08-11,0.1,0.64,0.16,0.11,117.3781,3333.69,41.53,24.03
2020-08-12,0.1,0.69,0.16,0.11,117.2559,3380.35,42.6,22.28
2020-08-13,0.1,0.71,0.16,0.1,117.1193,3373.43,42.26,22.13
2020-08-14,0.1,0.71,0.14,0.1,116.9395,3372.85,42.05,22.05
2020-08-15,0.1,0.71,0.14,0.1,116.9395,3372.85,42.05,22.05
2020-08-16,0.1,0.71,0.14,0.1,116.9395,3372.85,42.05,22.05
2020-08-17,0.1,0.69,0.14,0.1,116.749,3381.99,42.89,21.35
2020-08-18,0.09,0.67,0.14,0.09,116.5593,3389.78,42.89,21.51
2020-08-19,0.09,0.68,0.14,0.11,116.567,3374.85,42.91,22.54
2020-08-20,0.09,0.65,0.13,0.11,116.8126,3385.51,42.62,22.72
2020-08-21,0.09,0.64,0.16,0.1,117.0572,3397.16,42.32,22.54
2020-08-22,0.09,0.64,0.16,0.1,117.0572,3397.16,42.32,22.54
2020-08-23,0.09,0.64,0.16,0.1,117.0572,3397.16,42.32,22.54
2020-08-24,0.09,0.65,0.14,0.12,116.912,3431.28,42.44,22.37
2020-08-25,0.09,0.69,0.15,0.11,116.8206,3443.62,43.17,22.03
2020-08-26,0.09,0.69,0.16,0.11,116.6243,3478.73,43.21,23.27
2020-08-27,0.08,0.74,0.16,0.11,116.649,3484.55,42.88,24.47
2020-08-28,0.09,0.74,0.14,0.1,115.9374,3508.01,42.96,22.96
2020-08-29,0.09,0.74,0.14,0.1,115.9374,3508.01,42.96,22.96
2020-08-30,0.09,0.74,0.14,0.1,115.9374,3508.01,42.96,22.96
2020-08-31,0.09,0.72,0.14,0.11,115.7586,3500.31,42.61,26.41
2020-09-01,0.09,0.68,0.13,0.12,115.5687,3526.65,42.76,26.12
2020-09-02,0.09,0.66,0.14,0.12,116.0304,3580.84,42.76,26.57
2020-09-03,0.09,0.63,0.13,0.11,116.0685,3455.06,41.39,33.6
2020-09-04,0.09,0.72,0.14,0.11,116.0347,3426.96,39.69,30.75
2020-09-05,0.09,0.72,0.14,0.11,116.0347,3426.96,39.69,30.75
2020-09-06,0.09,0.72,0.14,0.11,116.0347,3426.96,39.69,30.75
2020-09-07,0.09,0.72,0.14,0.11,116.0347,3426.96,39.69,30.75
2020-09-08,0.09,0.69,0.14,0.13,116.4618,3331.84,36.87,31.46
2020-09-09,0.09,0.71,0.14,0.12,116.1291,3398.96,38.05,28.81
2020-09-10,0.09,0.68,0.14,0.12,115.8806,3339.19,37.25,29.71
2020-09-11,0.09,0.67,0.13,0.11,116.0866,3340.97,37.33,26.87
2020-09-12,0.09,0.67,0.13,0.11,116.0866,3340.97,37.33,26.87
2020-09-13,0.09,0.67,0.13,0.11,116.0866,3340.97,37.33,26.87
2020-09-14,0.09,0.68,0.14,0.11,115.6428,3383.54,37.23,25.85
2020-09-15,0.09,0.68,0.14,0.11,115.5908,3401.2,38.29,25.59
2020-09-16,0.09,0.69,0.14,0.12,115.3537,3385.49,40.17,26.04
2020-09-17,0.09,0.69,0.13,0.09,115.4392,3357.01,40.99,26.46
2020-09-18,0.09,0.7,0.14,0.1,115.2395,3319.47,41.09,25.83
2020-09-19,0.09,0.7,0.14,0.1,115.2395,3319.47,41.09,25.83
2020-09-20,0.09,0.7,0.14,0.1,115.2395,3319.47,41.09,25.83
2020-09-21,0.09,0.68,0.14,0.1,116.378,3281.06,39.26,27.78
2020-09-22,0.09,0.68,0.13,0.1,116.5438,3315.57,39.55,26.86
2020-09-23,0.09,0.68,0.14,0.11,117.2526,3236.92,39.92,28.58
2020-09-24,0.09,0.67,0.14,0.1,117.5473,3246.59,40.11,28.51
2020-09-25,0.09,0.66,0.12,0.1,117.8679,3298.46,40.06,26.38
2020-09-26,0.09,0.66,0.12,0.1,117.8679,3298.46,40.06,26.38
2020-09-27,0.09,0.66,0.12,0.1,117.8679,3298.46,40.06,26.38
2020-09-28,0.09,0.67,0.14,0.11,117.6178,3351.6,40.47,26.19
2020-09-29,0.09,0.66,0.11,0.09,117.526,3335.47,39.03,26.27
2020-09-30,0.09,0.69,0.13,0.1,116.946,3363.0,40.05,26.37
2020-10-01,0.09,0.68,0.14,0.09,116.7227,3380.8,38.51,26.7
2020-10-02,0.09,0.7,0.13,0.09,116.7321,3348.44,36.9,27.63
2020-10-03,0.09,0.7,0.13,0.09,116.7321,3348.44,36.9,27.63
2020-10-04,0.09,0.7,0.13,0.09,116.7321,3348.44,36.9,27.63
2020-10-05,0.09,0.78,0.14,0.1,116.1767,3408.63,39.12,27.96
2020-10-06,0.09,0.76,0.14,0.1,116.2681,3360.95,40.52,29.48
2020-10-07,0.09,0.81,0.16,0.1,116.3447,3419.45,39.82,28.06
2020-10-08,0.09,0.78,0.13,0.09,116.1657,3446.83,41.04,26.36
2020-10-09,0.09,0.79,0.16,0.1,115.2757,3477.13,40.44,25.0
2020-10-10,0.09,0.79,0.16,0.1,115.2757,3477.13,40.44,25.0
2020-10-11,0.09,0.79,0.16,0.1,115.2757,3477.13,40.44,25.0
2020-10-12,0.09,0.79,0.16,0.1,115.2757,3534.22,39.22,25.07
2020-10-13,0.09,0.74,0.16,0.11,115.9107,3511.93,40.03,26.07
2020-10-14,0.09,0.73,0.14,0.12,115.6872,3488.67,40.86,26.4
2020-10-15,0.09,0.74,0.14,0.11,116.0964,3483.34,40.84,26.97
2020-10-16,0.09,0.76,0.14,0.11,115.7679,3483.81,40.7,27.41
2020-10-17,0.09,0.76,0.14,0.11,115.7679,3483.81,40.7,27.41
2020-10-18,0.09,0.76,0.14,0.11,115.7679,3483.81,40.7,27.41
2020-10-19,0.09,0.78,0.16,0.11,115.4031,3426.92,40.69,29.18
2020-10-20,0.09,0.81,0.14,0.1,115.2485,3443.12,41.37,29.35
2020-10-21,0.09,0.83,0.14,0.1,114.9108,3435.56,39.88,28.65
2020-10-22,0.09,0.87,0.16,0.09,115.1158,3453.49,40.46,28.11
2020-10-23,0.09,0.85,0.18,0.1,115.0126,3465.39,39.73,27.55
2020-10-24,0.09,0.85,0.18,0.1,115.0126,3465.39,39.73,27.55
2020-10-25,0.09,0.85,0.18,0.1,115.0126,3465.39,39.73,27.55
2020-10-26,0.09,0.81,0.16,0.11,115.2797,3400.97,38.39,32.46
2020-10-27,0.09,0.79,0.16,0.1,115.0131,3390.68,39.34,33.35
2020-10-28,0.09,0.79,0.16,0.1,115.8023,3271.03,37.27,40.28
2020-10-29,0.09,0.85,0.16,0.09,116.3069,3310.11,35.94,37.59
2020-10-30,0.09,0.88,0.14,0.09,116.1354,3269.96,35.64,38.02
2020-10-31,0.09,0.88,0.14,0.09,116.1354,3269.96,35.64,38.02
2020-11-01,0.09,0.88,0.14,0.09,116.1354,3269.96,35.64,38.02
2020-11-02,0.09,0.87,0.16,0.09,116.2361,3310.24,36.6,37.13
2020-11-03,0.09,0.9,0.17,0.1,115.4802,3369.16,37.44,35.55
2020-11-04,0.09,0.78,0.14,0.1,115.1677,3443.44,38.97,29.57
2020-11-05,0.09,0.79,0.14,0.1,114.4556,3510.45,38.56,27.58
2020-11-06,0.09,0.83,0.16,0.1,113.9919,3509.44,36.97,24.86
2020-11-07,0.09,0.83,0.16,0.1,113.9919,3509.44,36.97,24.86
2020-11-08,0.09,0.83,0.16,0.1,113.9919,3509.44,36.97,24.86
2020-11-09,0.09,0.96,0.17,0.11,114.0895,3550.5,40.05,25.75
2020-11-10,0.09,0.98,0.19,0.1,114.0757,3545.53,41.18,24.8
2020-11-11,0.09,0.98,0.19,0.1,114.0757,3572.66,41.23,23.45
2020-11-12,0.09,0.88,0.17,0.1,114.2843,3537.01,40.9,25.35
2020-11-13,0.09,0.89,0.17,0.09,114.2397,3585.15,39.93,23.1
2020-11-14,0.09,0.89,0.17,0.09,114.2397,3585.15,39.93,23.1
2020-11-15,0.09,0.89,0.17,0.09,114.2397,3585.15,39.93,23.1
2020-11-16,0.09,0.91,0.19,0.09,113.8312,3626.91,41.14,22.45
2020-11-17,0.09,0.87,0.18,0.09,113.682,3609.53,41.24,22.71
2020-11-18,0.09,0.88,0.16,0.09,113.46,3567.79,41.64,23.84
2020-11-19,0.08,0.86,0.18,0.07,113.694,3581.87,41.57,23.11
2020-11-20,0.08,0.83,0.16,0.07,113.489,3557.54,41.99,23.7
2020-11-21,0.08,0.83,0.16,0.07,113.489,3557.54,41.99,23.7
2020-11-22,0.08,0.83,0.16,0.07,113.489,3557.54,41.99,23.7
2020-11-23,0.08,0.86,0.16,0.08,113.7548,3577.59,42.91,22.66
2020-11-24,0.08,0.88,0.16,0.09,113.4316,3635.41,44.71,21.64
2020-11-25,0.08,0.88,0.17,0.09,113.1823,3629.65,45.58,21.25
2020-11-26,0.08,0.88,0.17,0.09,113.1823,3629.65,45.58,21.25
2020-11-27,0.08,0.84,0.16,0.09,113.1823,3638.35,45.58,20.84
2020-11-28,0.08,0.84,0.16,0.09,113.1823,3638.35,45.58,20.84
2020-11-29,0.08,0.84,0.16,0.09,113.1823,3638.35,45.58,20.84
2020-11-30,0.09,0.84,0.16,0.08,113.2256,3621.63,45.2,20.57
2020-12-01,0.09,0.92,0.17,0.09,112.8063,3662.45,44.54,20.77
2020-12-02,0.09,0.95,0.16,0.09,112.6115,3669.01,45.23,21.17
2020-12-03,0.09,0.92,0.16,0.08,112.0236,3666.72,45.65,21.28
2020-12-04,0.09,0.97,0.16,0.09,111.7778,3699.12,46.23,20.79
2020-12-05,0.09,0.97,0.16,0.09,111.7778,3699.12,46.23,20.79
2020-12-06,0.09,0.97,0.16,0.09,111.7778,3699.12,46.23,20.79
2020-12-07,0.09,0.94,0.14,0.08,111.8385,3691.96,45.72,21.3
2020-12-08,0.09,0.92,0.14,0.09,111.8639,3702.25,45.64,20.68
2020-12-09,0.09,0.95,0.16,0.08,112.0305,3672.82,45.48,22.27
2020-12-10,0.09,0.92,0.14,0.08,111.9788,3668.1,46.76,22.52
2020-12-11,0.09,0.9,0.11,0.08,112.1417,3663.46,46.59,23.31
2020-12-12,0.09,0.9,0.11,0.08,112.1417,3663.46,46.59,23.31
2020-12-13,0.09,0.9,0.11,0.08,112.1417,3663.46,46.59,23.31
2020-12-14,0.09,0.9,0.13,0.09,112.1708,3647.49,47.02,24.72
2020-12-15,0.09,0.92,0.11,0.08,111.8601,3694.62,47.58,22.89
2020-12-16,0.09,0.92,0.13,0.09,111.7157,3701.17,47.86,22.5
2020-12-17,0.09,0.94,0.13,0.08,111.2226,3722.48,48.34,21.93
2020-12-18,0.09,0.95,0.13,0.08,111.6071,3709.41,49.04,21.57
2020-12-19,0.09,0.95,0.13,0.08,111.6071,3709.41,49.04,21.57
2020-12-20,0.09,0.95,0.13,0.08,111.6071,3709.41,49.04,21.57
2020-12-21,0.09,0.95,0.13,0.09,111.9415,3694.92,47.79,25.16
2020-12-22,0.09,0.93,0.13,0.09,112.1947,3687.26,47.02,24.23
2020-12-23,0.09,0.96,0.13,0.09,111.9807,3690.01,47.94,23.31
2020-12-24,0.09,0.94,0.13,0.09,111.9807,3703.06,48.18,21.53
2020-12-25,0.09,0.94,0.13,0.09,111.9807,3703.06,48.18,21.53
2020-12-26,0.09,0.94,0.13,0.09,111.9807,3703.06,48.18,21.53
2020-12-27,0.09,0.94,0.13,0.09,111.9807,3703.06,48.18,21.53
2020-12-28,0.09,0.94,0.13,0.11,111.9752,3735.36,47.5,21.7
2020-12-29,0.09,0.94,0.12,0.1,111.5172,3727.04,47.85,23.08
2020-12-30,0.09,0.93,0.12,0.08,111.3084,3732.04,48.24,22.77
2020-12-31,0.09,0.93,0.13,0.09,111.3169,3756.07,48.35,22.75
2021-01-01,0.09,0.93,0.13,0.09,111.3169,3756.07,48.35,22.75
2021-01-02,0.09,0.93,0.13,0.09,111.3169,3756.07,48.35,22.75
2021-01-03,0.09,0.93,0.13,0.09,111.3169,3756.07,48.35,22.75
2021-01-04,0.09,0.93,0.11,0.09,111.2075,3700.65,47.47,26.97
2021-01-05,0.09,0.96,0.13,0.09,110.9574,3726.86,49.78,25.34
2021-01-06,0.09,1.04,0.14,0.09,110.8502,3748.14,50.45,25.07
2021-01-07,0.09,1.08,0.14,0.09,111.3042,3803.79,50.63,22.37
2021-01-08,0.09,1.13,0.14,0.08,111.2847,3824.68,52.14,21.56
2021-01-09,0.09,1.13,0.14,0.08,111.2847,3824.68,52.14,21.56
2021-01-10,0.09,1.13,0.14,0.08,111.2847,3824.68,52.14,21.56
2021-01-11,0.09,1.15,0.14,0.08,111.8257,3799.61,52.15,24.08
2021-01-12,0.09,1.15,0.14,0.09,111.5501,3801.19,53.08,23.33
2021-01-13,0.09,1.1,0.14,0.09,111.3622,3809.84,52.81,22.21
2021-01-14,0.09,1.15,0.16,0.09,111.1567,3795.54,53.47,23.25
2021-01-15,0.09,1.11,0.13,0.09,111.5106,3768.25,52.25,24.34
2021-01-16,0.09,1.11,0.13,0.09,111.5106,3768.25,52.25,24.34
2021-01-17,0.09,1.11,0.13,0.09,111.5106,3768.25,52.25,24.34
2021-01-18,0.09,1.11,0.13,0.09,111.5106,3768.25,52.25,24.34
2021-01-19,0.09,1.1,0.14,0.09,111.4527,3798.91,52.87,23.24
2021-01-20,0.09,1.1,0.13,0.08,111.4527,3851.85,53.16,21.58
2021-01-21,0.08,1.12,0.13,0.09,111.1973,3853.07,53.0,21.32
2021-01-22,0.08,1.1,0.13,0.08,111.5516,3841.47,52.28,21.91
2021-01-23,0.08,1.1,0.13,0.08,111.5516,3841.47,52.28,21.91
2021-01-24,0.08,1.1,0.13,0.08,111.5516,3841.47,52.28,21.91
2021-01-25,0.08,1.05,0.13,0.09,111.8676,3855.36,52.78,23.19
2021-01-26,0.08,1.05,0.11,0.07,111.6572,3849.62,52.61,23.02
2021-01-27,0.08,1.04,0.12,0.08,112.0782,3750.77,52.81,37.21
2021-01-28,0.07,1.07,0.12,0.07,112.0059,3787.38,52.26,30.21
2021-01-29,0.07,1.11,0.11,0.06,111.9511,3714.24,52.16,33.09
2021-01-30,0.07,1.11,0.11,0.06,111.9511,3714.24,52.16,33.09
2021-01-31,0.07,1.11,0.11,0.06,111.9511,3714.24,52.16,33.09
2021-02-01,0.08,1.09,0.11,0.07,112.4189,3773.86,53.55,30.24
2021-02-02,0.08,1.12,0.11,0.07,112.2862,3826.31,54.77,25.56
2021-02-03,0.08,1.15,0.11,0.04,112.2567,3830.17,55.67,22.91
2021-02-04,0.08,1.15,0.11,0.04,112.7469,3871.74,56.19,21.77
2021-02-05,0.08,1.19,0.09,0.03,112.2379,3886.83,56.8,20.87
2021-02-06,0.08,1.19,0.09,0.03,112.2379,3886.83,56.8,20.87
2021-02-07,0.08,1.19,0.09,0.03,112.2379,3886.83,56.8,20.87
2021-02-08,0.07,1.19,0.11,0.05,112.0428,3915.59,57.95,21.24
2021-02-09,0.08,1.18,0.11,0.04,111.7675,3911.23,58.34,21.63
2021-02-10,0.08,1.15,0.11,0.05,111.5834,3909.88,58.69,21.99
2021-02-11,0.08,1.16,0.11,0.05,111.5272,3916.38,58.22,21.25
2021-02-12,0.08,1.2,0.11,0.04,111.4889,3934.83,59.5,19.97
2021-02-13,0.08,1.2,0.11,0.04,111.4889,3934.83,59.5,19.97
2021-02-14,0.08,1.2,0.11,0.04,111.4889,3934.83,59.5,19.97
2021-02-15,0.08,1.2,0.11,0.04,111.4889,3934.83,59.5,19.97
2021-02-16,0.08,1.3,0.13,0.04,111.7879,3932.59,60.07,21.46
2021-02-17,0.08,1.29,0.11,0.04,112.0204,3931.33,61.09,21.5
2021-02-18,0.07,1.29,0.11,0.03,112.1603,3913.97,60.4,22.49
2021-02-19,0.07,1.34,0.11,0.04,111.7058,3906.71,59.12,22.05
2021-02-20,0.07,1.34,0.11,0.04,111.7058,3906.71,59.12,22.05
2021-02-21,0.07,1.34,0.11,0.04,111.7058,3906.71,59.12,22.05
2021-02-22,0.07,1.37,0.11,0.03,111.918,3876.5,61.67,23.45
2021-02-23,0.07,1.37,0.11,0.04,111.8981,3881.37,61.66,23.11
2021-02-24,0.07,1.38,0.12,0.03,111.7212,3925.43,63.21,21.34
2021-02-25,0.07,1.54,0.17,0.04,111.9253,3829.34,63.43,28.89
2021-02-26,0.07,1.44,0.14,0.04,112.8306,3811.15,61.55,27.95
2021-02-27,0.07,1.44,0.14,0.04,112.8306,3811.15,61.55,27.95
2021-02-28,0.07,1.44,0.14,0.04,112.8306,3811.15,61.55,27.95
2021-03-01,0.07,1.45,0.13,0.05,112.5263,3901.82,60.54,23.35
2021-03-02,0.07,1.42,0.13,0.04,112.5342,3870.29,59.7,24.1
2021-03-03,0.07,1.47,0.14,0.05,112.7617,3819.72,61.33,26.67
2021-03-04,0.07,1.54,0.14,0.04,112.7037,3768.47,63.81,28.57
2021-03-05,0.07,1.56,0.14,0.04,113.7487,3841.94,66.08,24.66
2021-03-06,0.07,1.56,0.14,0.04,113.7487,3841.94,66.08,24.66
2021-03-07,0.07,1.56,0.14,0.04,113.7487,3841.94,66.08,24.66
2021-03-08,0.07,1.59,0.17,0.05,114.2678,3821.35,65.03,25.47
2021-03-09,0.07,1.55,0.17,0.05,113.928,3875.44,64.02,24.03
2021-03-10,0.07,1.53,0.16,0.04,113.5881,3898.81,64.45,22.56
2021-03-11,0.07,1.54,0.14,0.04,112.9214,3939.34,66.02,21.91
2021-03-12,0.07,1.64,0.14,0.04,113.0269,3943.34,65.59,20.69
2021-03-13,0.07,1.64,0.14,0.04,113.0269,3943.34,65.59,20.69
2021-03-14,0.07,1.64,0.14,0.04,113.0269,3943.34,65.59,20.69
2021-03-15,0.07,1.62,0.14,0.04,113.1928,3968.94,65.36,20.03
2021-03-16,0.07,1.62,0.15,0.02,112.9839,3962.71,64.82,19.79
2021-03-17,0.07,1.63,0.13,0.02,113.1589,3974.12,64.55,19.23
2021-03-18,0.07,1.71,0.16,0.01,112.7744,3915.46,59.95,21.58
2021-03-19,0.07,1.74,0.16,0.01,112.9756,3913.1,61.43,20.95
2021-03-20,0.07,1.74,0.16,0.01,112.9756,3913.1,61.43,20.95
2021-03-21,0.07,1.74,0.16,0.01,112.9756,3913.1,61.43,20.95
2021-03-22,0.07,1.69,0.15,0.03,113.0023,3940.59,61.48,18.88
2021-03-23,0.07,1.63,0.15,0.01,113.2916,3910.52,57.75,20.3
2021-03-24,0.07,1.62,0.14,0.02,113.6565,3889.14,61.12,21.2
2021-03-25,0.07,1.63,0.14,0.02,114.0016,3909.52,58.47,19.81
2021-03-26,0.07,1.67,0.14,0.02,113.7406,3974.54,60.93,18.86
2021-03-27,0.07,1.67,0.14,0.02,113.7406,3974.54,60.93,18.86
2021-03-28,0.07,1.67,0.14,0.02,113.7406,3974.54,60.93,18.86
2021-03-29,0.07,1.73,0.14,0.03,113.9314,3971.09,61.49,20.74
2021-03-30,0.07,1.73,0.16,0.02,114.203,3958.55,60.55,19.61
2021-03-31,0.06,1.74,0.16,0.03,113.8234,3972.89,59.19,19.4
2021-04-01,0.07,1.69,0.17,0.02,113.7389,4019.87,61.41,17.33
2021-04-02,0.07,1.72,0.19,0.02,113.7315,4019.87,61.41,17.33
2021-04-03,0.07,1.72,0.19,0.02,113.7315,4019.87,61.41,17.33
2021-04-04,0.07,1.72,0.19,0.02,113.7315,4019.87,61.41,17.33
2021-04-05,0.07,1.73,0.17,0.03,113.394,4077.91,58.73,17.91
2021-04-06,0.07,1.67,0.16,0.02,113.1464,4073.94,59.34,18.12
2021-04-07,0.07,1.68,0.16,0.02,113.2436,4079.95,59.77,17.16
2021-04-08,0.07,1.64,0.14,0.01,113.0917,4097.17,59.61,16.95
2021-04-09,0.07,1.67,0.16,0.02,113.2028,4128.8,59.29,16.69
2021-04-10,0.07,1.67,0.16,0.02,113.2028,4128.8,59.29,16.69
2021-04-11,0.07,1.67,0.16,0.02,113.2028,4128.8,59.29,16.69
2021-04-12,0.07,1.69,0.18,0.02,113.1815,4127.99,59.7,16.91
2021-04-13,0.07,1.64,0.16,0.03,113.0391,4141.59,60.2,16.65
2021-04-14,0.07,1.64,0.16,0.02,112.7849,4124.66,63.15,16.99
2021-04-15,0.07,1.56,0.16,0.02,112.6181,4170.42,63.42,16.57
2021-04-16,0.07,1.59,0.16,0.02,112.4814,4185.47,63.16,16.25
2021-04-17,0.07,1.59,0.16,0.02,112.4814,4185.47,63.16,16.25
2021-04-18,0.07,1.59,0.16,0.02,112.4814,4185.47,63.16,16.25
2021-04-19,0.07,1.61,0.16,0.02,112.1835,4163.26,63.33,17.29
2021-04-20,0.07,1.58,0.15,0.03,112.2354,4134.94,62.61,18.68
2021-04-21,0.07,1.57,0.15,0.03,112.1771,4173.42,61.34,17.5
2021-04-22,0.07,1.57,0.16,0.03,112.2297,4134.98,61.45,18.71
2021-04-23,0.07,1.58,0.16,0.03,112.0889,4180.17,62.18,17.33
2021-04-24,0.07,1.58,0.16,0.03,112.0889,4180.17,62.18,17.33
2021-04-25,0.07,1.58,0.16,0.03,112.0889,4180.17,62.18,17.33
2021-04-26,0.07,1.58,0.18,0.03,111.8109,4187.62,62.02,17.64
2021-04-27,0.07,1.63,0.17,0.01,111.9097,4186.72,63.03,17.56
2021-04-28,0.07,1.63,0.17,0.01,111.7909,4183.18,63.81,17.28
2021-04-29,0.06,1.65,0.16,0.01,111.7464,4211.47,65.0,17.61
2021-04-30,0.05,1.65,0.16,0.01,112.0839,4181.17,63.5,18.61
2021-05-01,0.05,1.65,0.16,0.01,112.0839,4181.17,63.5,18.61
2021-05-02,0.05,1.65,0.16,0.01,112.0839,4181.17,63.5,18.61
2021-05-03,0.06,1.63,0.16,0.04,112.005,4192.66,64.46,18.31
2021-05-04,0.06,1.61,0.16,0.02,112.2896,4164.66,65.72,19.48
2021-05-05,0.06,1.59,0.16,0.02,112.1514,4167.59,65.63,19.15
2021-05-06,0.06,1.58,0.16,0.02,111.8401,4201.62,64.73,18.39
2021-05-07,0.06,1.6,0.14,0.02,111.0249,4232.6,64.96,16.69
2021-05-08,0.06,1.6,0.14,0.02,111.0249,4232.6,64.96,16.69
2021-05-09,0.06,1.6,0.14,0.02,111.0249,4232.6,64.96,16.69
2021-05-10,0.06,1.63,0.16,0.02,110.7905,4188.43,64.92,19.66
2021-05-11,0.06,1.64,0.16,0.01,110.8921,4152.1,65.31,21.84
2021-05-12,0.06,1.69,0.16,0.02,111.5636,4063.04,65.96,27.59
2021-05-13,0.06,1.66,0.16,0.02,111.5955,4112.5,63.82,23.13
2021-05-14,0.06,1.63,0.16,0.01,111.1353,4173.85,65.32,18.81
2021-05-15,0.06,1.63,0.16,0.01,111.1353,4173.85,65.32,18.81
2021-05-16,0.06,1.63,0.16,0.01,111.1353,4173.85,65.32,18.81
2021-05-17,0.06,1.64,0.16,0.02,111.079,4163.29,66.24,19.72
2021-05-18,0.06,1.64,0.16,0.02,110.8317,4127.83,65.49,21.34
2021-05-19,0.06,1.68,0.16,0.01,110.8807,4115.68,63.28,22.18
2021-05-20,0.06,1.63,0.15,0.01,110.8605,4159.12,61.95,20.67
2021-05-21,0.06,1.63,0.17,0.01,111.0576,4155.86,63.61,20.15
2021-05-22,0.06,1.63,0.17,0.01,111.0576,4155.86,63.61,20.15
2021-05-23,0.06,1.63,0.17,0.01,111.0576,4155.86,63.61,20.15
2021-05-24,0.06,1.61,0.15,0.02,110.9118,4197.05,66.13,18.4
2021-05-25,0.06,1.56,0.15,0.02,110.842,4188.13,66.27,18.84
2021-05-26,0.06,1.58,0.14,0.02,110.8677,4195.99,66.41,17.36
2021-05-27,0.06,1.61,0.14,0.02,110.8688,4200.88,66.87,16.74
2021-05-28,0.05,1.58,0.14,0.01,110.7576,4204.11,66.31,16.76
2021-05-29,0.05,1.58,0.14,0.01,110.7576,4204.11,66.31,16.76
2021-05-30,0.05,1.58,0.14,0.01,110.7576,4204.11,66.31,16.76
2021-05-31,0.05,1.58,0.14,0.01,110.7576,4204.11,66.31,16.76
2021-06-01,0.06,1.62,0.16,0.02,110.5046,4202.04,67.8,17.9
2021-06-02,0.06,1.59,0.13,0.02,110.5799,4208.12,68.79,17.48
2021-06-03,0.06,1.63,0.16,0.02,111.1782,4192.85,68.81,18.04
2021-06-04,0.06,1.56,0.14,0.02,110.7521,4229.89,69.57,16.42
2021-06-05,0.06,1.56,0.14,0.02,110.7521,4229.89,69.57,16.42
2021-06-06,0.06,1.56,0.14,0.02,110.7521,4229.89,69.57,16.42
2021-06-07,0.06,1.57,0.16,0.02,110.5155,4226.52,69.21,16.42
2021-06-08,0.06,1.53,0.14,0.02,110.649,4227.26,70.11,17.07
2021-06-09,0.06,1.5,0.16,0.03,110.5707,4219.55,69.9,17.89
2021-06-10,0.06,1.45,0.14,0.03,110.5456,4239.18,70.34,16.1
2021-06-11,0.06,1.47,0.16,0.03,111.0933,4247.44,71.0,15.65
2021-06-12,0.06,1.47,0.16,0.03,111.0933,4247.44,71.0,15.65
2021-06-13,0.06,1.47,0.16,0.03,111.0933,4247.44,71.0,15.65
2021-06-14,0.06,1.51,0.16,0.03,110.9659,4255.15,70.94,16.39
2021-06-15,0.06,1.51,0.16,0.03,111.3507,4246.59,72.06,17.02
2021-06-16,0.06,1.57,0.21,0.04,111.1165,4223.7,72.03,18.15
2021-06-17,0.1,1.52,0.23,0.04,112.5772,4221.86,71.06,17.75
2021-06-18,0.1,1.45,0.26,0.05,113.0408,4166.45,71.64,20.7
2021-06-19,0.1,1.45,0.26,0.05,113.0408,4166.45,71.64,20.7
2021-06-20,0.1,1.45,0.26,0.05,113.0408,4166.45,71.64,20.7
2021-06-21,0.1,1.5,0.27,0.05,112.8391,4224.79,73.64,17.89
2021-06-22,0.1,1.48,0.25,0.04,112.9174,4246.44,73.15,16.66
2021-06-23,0.1,1.5,0.26,0.05,112.3819,4241.84,73.11,16.32
2021-06-24,0.1,1.49,0.26,0.05,112.326,4266.49,73.31,15.97
2021-06-25,0.1,1.54,0.28,0.06,111.9655,4280.7,74.21,15.62
2021-06-26,0.1,1.54,0.28,0.06,111.9655,4280.7,74.21,15.62
2021-06-27,0.1,1.54,0.28,0.06,111.9655,4280.7,74.21,15.62
2021-06-28,0.1,1.49,0.25,0.05,112.0248,4290.61,72.98,15.76
2021-06-29,0.1,1.49,0.27,0.04,112.2613,4291.8,73.14,16.02
2021-06-30,0.08,1.45,0.25,0.05,112.5533,4297.5,73.52,15.83
2021-07-01,0.1,1.48,0.25,0.05,112.74,4319.94,75.33,15.48
2021-07-02,0.1,1.44,0.24,0.05,112.5425,4352.34,75.37,15.07
2021-07-03,0.1,1.44,0.24,0.05,112.5425,4352.34,75.37,15.07
2021-07-04,0.1,1.44,0.24,0.05,112.5425,4352.34,75.37,15.07
2021-07-05,0.1,1.44,0.24,0.05,112.5425,4352.34,75.37,15.07
2021-07-06,0.1,1.37,0.22,0.05,112.9516,4343.54,73.62,16.44
2021-07-07,0.1,1.33,0.22,0.05,113.1048,4358.13,72.22,16.2
2021-07-08,0.1,1.3,0.19,0.06,113.0776,4320.82,72.98,19.0
2021-07-09,0.1,1.37,0.23,0.06,112.8375,4369.55,74.56,16.18
2021-07-10,0.1,1.37,0.23,0.06,112.8375,4369.55,74.56,16.18
2021-07-11,0.1,1.37,0.23,0.06,112.8375,4369.55,74.56,16.18
2021-07-12,0.1,1.38,0.23,0.05,112.7611,4384.63,74.21,16.17
2021-07-13,0.1,1.42,0.26,0.05,113.0063,4369.21,75.24,17.12
2021-07-14,0.1,1.37,0.23,0.06,112.8801,4374.3,73.06,16.33
2021-07-15,0.1,1.31,0.23,0.05,113.0041,4360.03,71.67,17.01
2021-07-16,0.1,1.31,0.25,0.05,113.0428,4327.16,71.76,18.45
2021-07-17,0.1,1.31,0.25,0.05,113.0428,4327.16,71.76,18.45
2021-07-18,0.1,1.31,0.25,0.05,113.0428,4327.16,71.76,18.45
2021-07-19,0.1,1.19,0.21,0.05,113.5472,4258.49,66.45,22.5
2021-07-20,0.1,1.23,0.2,0.05,113.7502,4323.06,67.32,19.73
2021-07-21,0.1,1.3,0.22,0.05,113.3926,4358.69,70.26,17.91
2021-07-22,0.1,1.27,0.2,0.05,113.4695,4367.48,72.15,17.69
2021-07-23,0.1,1.3,0.22,0.05,113.4398,4411.79,72.24,17.2
2021-07-24,0.1,1.3,0.22,0.05,113.4398,4411.79,72.24,17.2
2021-07-25,0.1,1.3,0.22,0.05,113.4398,4411.79,72.24,17.2
2021-07-26,0.1,1.29,0.22,0.05,113.2238,4422.3,72.15,17.58
2021-07-27,0.1,1.25,0.2,0.05,113.2227,4401.46,71.68,19.36
2021-07-28,0.1,1.26,0.2,0.05,113.1807,4400.64,72.37,18.31
2021-07-29,0.1,1.28,0.2,0.06,112.4834,4419.15,73.62,17.7
2021-07-30,0.07,1.24,0.19,0.06,112.6714,4395.26,73.93,18.24
2021-07-31,0.07,1.24,0.19,0.06,112.6714,4395.26,73.93,18.24
2021-08-01,0.07,1.24,0.19,0.06,112.6714,4395.26,73.93,18.24
2021-08-02,0.1,1.2,0.17,0.05,112.6691,4387.16,71.31,19.46
2021-08-03,0.1,1.19,0.17,0.05,112.8228,4423.15,70.64,18.04
2021-08-04,0.1,1.19,0.17,0.05,112.8953,4402.66,68.19,17.97
2021-08-05,0.1,1.23,0.21,0.05,112.7674,4429.1,69.1,17.28
2021-08-06,0.1,1.31,0.21,0.06,113.3088,4436.52,68.26,16.15
2021-08-07,0.1,1.31,0.21,0.06,113.3088,4436.52,68.26,16.15
2021-08-08,0.1,1.31,0.21,0.06,113.3088,4436.52,68.26,16.15
2021-08-09,0.1,1.33,0.23,0.06,113.4521,4432.35,66.56,16.72
2021-08-10,0.1,1.36,0.24,0.05,113.4973,4436.75,68.33,16.79
2021-08-11,0.1,1.35,0.23,0.05,113.282,4447.7,69.3,16.06
2021-08-12,0.1,1.36,0.23,0.06,113.2691,4460.83,69.12,15.59
2021-08-13,0.1,1.29,0.23,0.06,113.0615,4468.0,68.36,15.45
2021-08-14,0.1,1.29,0.23,0.06,113.0615,4468.0,68.36,15.45
2021-08-15,0.1,1.29,0.23,0.06,113.0615,4468.0,68.36,15.45
2021-08-16,0.1,1.26,0.21,0.06,113.1698,4479.71,67.44,16.12
2021-08-17,0.1,1.26,0.23,0.07,113.6174,4448.08,66.5,17.91
2021-08-18,0.09,1.27,0.23,0.07,113.6959,4400.27,65.36,21.57
2021-08-19,0.09,1.24,0.22,0.06,114.1106,4405.8,63.69,21.67
2021-08-20,0.09,1.26,0.23,0.05,114.5009,4441.67,62.25,18.56
2021-08-21,0.09,1.26,0.23,0.05,114.5009,4441.67,62.25,18.56
2021-08-22,0.09,1.26,0.23,0.05,114.5009,4441.67,62.25,18.56
2021-08-23,0.09,1.25,0.23,0.05,113.9418,4479.53,65.65,17.15
2021-08-24,0.09,1.29,0.24,0.05,113.6795,4486.23,67.5,17.22
2021-08-25,0.09,1.35,0.23,0.06,113.6322,4496.19,68.54,16.79
2021-08-26,0.09,1.34,0.25,0.05,113.7883,4470.0,67.42,18.84
2021-08-27,0.08,1.31,0.22,0.05,113.3404,4509.37,68.84,16.39
2021-08-28,0.08,1.31,0.22,0.05,113.3404,4509.37,68.84,16.39
2021-08-29,0.08,1.31,0.22,0.05,113.3404,4509.37,68.84,16.39
2021-08-30,0.08,1.29,0.2,0.05,113.246,4528.79,69.28,16.19
2021-08-31,0.06,1.3,0.2,0.04,113.1076,4522.68,68.43,16.48
2021-09-01,0.08,1.31,0.2,0.05,112.8732,4524.09,68.63,16.11
2021-09-02,0.08,1.29,0.2,0.05,112.7863,4536.95,70.07,16.41
2021-09-03,0.08,1.33,0.21,0.05,112.5476,4535.43,69.34,16.41
2021-09-04,0.08,1.33,0.21,0.05,112.5476,4535.43,69.34,16.41
2021-09-05,0.08,1.33,0.21,0.05,112.5476,4535.43,69.34,16.41
2021-09-06,0.08,1.33,0.21,0.05,112.5476,4535.43,69.34,16.41
2021-09-07,0.08,1.38,0.22,0.05,112.9795,4520.03,68.49,18.14
2021-09-08,0.08,1.35,0.22,0.05,113.2319,4514.07,69.36,17.96
2021-09-09,0.08,1.3,0.23,0.04,113.043,4493.28,68.26,18.8
2021-09-10,0.08,1.35,0.23,0.05,112.9425,4458.58,69.82,20.95
2021-09-11,0.08,1.35,0.23,0.05,112.9425,4458.58,69.82,20.95
2021-09-12,0.08,1.35,0.23,0.05,112.9425,4458.58,69.82,20.95
2021-09-13,0.08,1.33,0.21,0.06,113.0341,4468.73,70.54,19.37
2021-09-14,0.08,1.28,0.21,0.04,113.0061,4443.05,70.53,19.46
2021-09-15,0.08,1.31,0.21,0.04,112.9773,4480.7,72.59,18.18
2021-09-16,0.08,1.34,0.23,0.04,113.3036,4473.75,72.69,18.69
2021-09-17,0.08,1.37,0.23,0.04,113.5989,4432.99,72.09,20.81
2021-09-18,0.08,1.37,0.23,0.04,113.5989,4432.99,72.09,20.81
2021-09-19,0.08,1.37,0.23,0.04,113.5989,4432.99,72.09,20.81
2021-09-20,0.08,1.31,0.23,0.04,113.9422,4357.73,70.41,25.71
2021-09-21,0.08,1.33,0.22,0.03,113.8179,4354.19,70.51,24.36
2021-09-22,0.08,1.32,0.25,0.03,113.6223,4395.64,72.37,20.87
2021-09-23,0.08,1.41,0.27,0.03,113.513,4448.98,73.43,18.63
2021-09-24,0.08,1.47,0.29,0.03,113.7597,4455.48,74.18,17.75
2021-09-25,0.08,1.47,0.29,0.03,113.7597,4455.48,74.18,17.75
2021-09-26,0.08,1.47,0.29,0.03,113.7597,4455.48,74.18,17.75
2021-09-27,0.08,1.48,0.31,0.04,113.7432,4443.11,75.54,18.76
2021-09-28,0.08,1.54,0.31,0.04,114.2469,4352.63,75.44,23.25
2021-09-29,0.08,1.55,0.3,0.04,114.7092,4359.46,75.06,22.56
2021-09-30,0.06,1.52,0.28,0.04,114.6403,4307.54,75.22,23.14
2021-10-01,0.08,1.48,0.27,0.04,114.3798,4357.04,76.01,21.15
2021-10-02,0.08,1.48,0.27,0.04,114.3798,4357.04,76.01,21.15
2021-10-03,0.08,1.48,0.27,0.04,114.3798,4357.04,76.01,21.15
2021-10-04,0.08,1.49,0.27,0.04,114.2739,4300.46,77.68,22.96
2021-10-05,0.08,1.54,0.28,0.04,114.3654,4345.72,79.17,21.3
2021-10-06,0.08,1.53,0.3,0.04,114.7185,4363.55,77.66,21.0
2021-10-07,0.08,1.58,0.32,0.05,114.5044,4399.76,78.46,19.54
2021-10-08,0.08,1.61,0.32,0.05,114.5986,4391.34,79.55,18.77
2021-10-09,0.08,1.61,0.32,0.05,114.5986,4391.34,79.55,18.77
2021-10-10,0.08,1.61,0.32,0.05,114.5986,4391.34,79.55,18.77
2021-10-11,0.08,1.61,0.32,0.05,114.5986,4361.19,80.64,20.0
2021-10-12,0.08,1.59,0.35,0.06,114.7542,4350.65,80.75,19.85
2021-10-13,0.08,1.56,0.37,0.05,114.4705,4363.8,80.67,18.64
2021-10-14,0.08,1.52,0.36,0.05,114.2053,4438.26,81.43,16.86
2021-10-15,0.08,1.59,0.41,0.05,114.0905,4471.37,82.39,16.3
2021-10-16,0.08,1.59,0.41,0.05,114.0905,4471.37,82.39,16.3
2021-10-17,0.08,1.59,0.41,0.05,114.0905,4471.37,82.39,16.3
2021-10-18,0.08,1.59,0.44,0.06,113.9899,4486.46,82.62,16.31
2021-10-19,0.08,1.65,0.41,0.05,113.647,4519.63,83.19,15.7
2021-10-20,0.08,1.65,0.4,0.05,113.5083,4536.19,84.4,15.49
2021-10-21,0.08,1.68,0.45,0.06,113.6188,4549.78,82.64,15.01
2021-10-22,0.08,1.66,0.48,0.06,113.67,4544.9,84.53,15.43
2021-10-23,0.08,1.66,0.48,0.06,113.67,4544.9,84.53,15.43
2021-10-24,0.08,1.66,0.48,0.06,113.67,4544.9,84.53,15.43
2021-10-25,0.08,1.64,0.47,0.06,113.605,4566.48,84.64,15.24
2021-10-26,0.08,1.63,0.47,0.06,113.674,4574.79,85.64,15.98
2021-10-27,0.08,1.54,0.5,0.06,113.6218,4551.68,82.66,16.98
2021-10-28,0.08,1.57,0.5,0.06,113.4389,4596.42,82.78,16.53
2021-10-29,0.07,1.55,0.48,0.05,114.1349,4605.38,83.5,16.26
2021-10-30,0.07,1.55,0.48,0.05,114.1349,4605.38,83.5,16.26
2021-10-31,0.07,1.55,0.48,0.05,114.1349,4605.38,83.5,16.26
2021-11-01,0.08,1.58,0.5,0.05,114.2067,4613.67,84.08,16.41
2021-11-02,0.08,1.56,0.46,0.05,114.2847,4630.65,83.91,16.03
2021-11-03,0.08,1.6,0.47,0.05,114.3593,4660.57,80.82,15.1
2021-11-04,0.08,1.53,0.41,0.04,114.3558,4680.06,78.88,15.44
2021-11-05,0.08,1.45,0.39,0.05,114.0732,4697.53,81.25,16.48
2021-11-06,0.08,1.45,0.39,0.05,114.0732,4697.53,81.25,16.48
2021-11-07,0.08,1.45,0.39,0.05,114.0732,4697.53,81.25,16.48
2021-11-08,0.08,1.51,0.45,0.06,113.8256,4701.7,81.96,17.22
2021-11-09,0.08,1.46,0.41,0.04,113.762,4685.25,84.12,17.78
2021-11-10,0.08,1.56,0.51,0.05,114.1484,4646.71,81.23,18.73
2021-11-11,0.08,1.56,0.51,0.05,114.1484,4649.27,81.47,17.66
2021-11-12,0.08,1.58,0.53,0.05,114.5144,4682.85,80.87,16.29
2021-11-13,0.08,1.58,0.53,0.05,114.5144,4682.85,80.87,16.29
2021-11-14,0.08,1.58,0.53,0.05,114.5144,4682.85,80.87,16.29
2021-11-15,0.08,1.63,0.53,0.05,114.5876,4682.8,80.85,16.49
2021-11-16,0.08,1.63,0.54,0.05,115.136,4700.9,80.76,16.37
2021-11-17,0.08,1.6,0.52,0.05,115.0263,4688.67,78.32,17.11
2021-11-18,0.08,1.59,0.52,0.05,115.0678,4704.54,78.92,17.59
2021-11-19,0.08,1.54,0.52,0.05,115.2187,4697.96,76.11,17.91
2021-11-20,0.08,1.54,0.52,0.05,115.2187,4697.96,76.11,17.91
2021-11-21,0.08,1.54,0.52,0.05,115.2187,4697.96,76.11,17.91
2021-11-22,0.08,1.63,0.63,0.05,115.6481,4682.94,76.74,19.17
2021-11-23,0.08,1.67,0.6,0.06,116.0118,4690.7,78.32,19.38
2021-11-24,0.08,1.64,0.64,0.06,116.2711,4701.46,78.32,18.58
2021-11-25,0.08,1.64,0.64,0.06,116.2711,4701.46,78.32,18.58
2021-11-26,0.08,1.48,0.5,0.06,116.5103,4594.62,78.32,28.62
2021-11-27,0.08,1.48,0.5,0.06,116.5103,4594.62,78.32,28.62
2021-11-28,0.08,1.48,0.5,0.06,116.5103,4594.62,78.32,28.62
2021-11-29,0.08,1.52,0.51,0.06,116.581,4655.27,69.88,22.96
2021-11-30,0.07,1.43,0.52,0.05,116.2071,4567.0,66.14,27.19
2021-12-01,0.08,1.43,0.56,0.06,115.889,4513.04,65.44,31.12
2021-12-02,0.08,1.44,0.63,0.05,116.018,4577.1,66.6,27.95
2021-12-03,0.08,1.35,0.6,0.06,116.2377,4538.43,66.39,30.67
2021-12-04,0.08,1.35,0.6,0.06,116.2377,4538.43,66.39,30.67
2021-12-05,0.08,1.35,0.6,0.06,116.2377,4538.43,66.39,30.67
2021-12-06,0.08,1.43,0.65,0.05,116.1538,4591.67,69.62,27.18
2021-12-07,0.08,1.48,0.7,0.06,115.8555,4686.75,71.94,21.89
2021-12-08,0.08,1.52,0.68,0.07,115.4418,4701.21,72.43,19.9
2021-12-09,0.08,1.49,0.7,0.06,115.7784,4667.45,70.87,21.58
2021-12-10,0.08,1.48,0.67,0.06,115.5732,4712.02,71.71,18.69
2021-12-11,0.08,1.48,0.67,0.06,115.5732,4712.02,71.71,18.69
2021-12-12,0.08,1.48,0.67,0.06,115.5732,4712.02,71.71,18.69
2021-12-13,0.08,1.42,0.66,0.05,115.842,4668.97,71.19,20.31
2021-12-14,0.08,1.44,0.67,0.05,116.2397,4634.09,70.57,21.89
2021-12-15,0.08,1.47,0.69,0.05,116.4219,4709.85,70.89,19.29
2021-12-16,0.08,1.44,0.64,0.05,115.7146,4668.67,72.34,20.57
2021-12-17,0.08,1.41,0.66,0.05,115.791,4620.64,70.93,21.57
2021-12-18,0.08,1.41,0.66,0.05,115.791,4620.64,70.93,21.57
2021-12-19,0.08,1.41,0.66,0.05,115.791,4620.64,70.93,21.57
2021-12-20,0.08,1.43,0.65,0.07,116.0092,4568.02,68.69,22.87
2021-12-21,0.08,1.48,0.7,0.07,116.1089,4649.23,71.1,21.01
2021-12-22,0.08,1.46,0.68,0.08,115.7485,4696.56,72.82,18.63
2021-12-23,0.08,1.5,0.71,0.07,115.5337,4725.79,73.89,17.96
2021-12-24,0.08,1.5,0.71,0.07,115.5337,4725.79,73.89,17.96
2021-12-25,0.08,1.5,0.71,0.07,115.5337,4725.79,73.89,17.96
2021-12-26,0.08,1.5,0.71,0.07,115.5337,4725.79,73.89,17.96
2021-12-27,0.08,1.48,0.76,0.06,115.4684,4791.19,75.49,17.68
2021-12-28,0.08,1.49,0.74,0.06,115.4192,4786.35,76.01,17.54
2021-12-29,0.08,1.55,0.75,0.05,115.3678,4793.06,76.58,16.95
2021-12-30,0.08,1.52,0.73,0.05,115.283,4778.73,76.83,17.33
2021-12-31,0.07,1.52,0.73,0.06,115.283,4766.18,75.33,17.22
2022-01-01,0.07,1.52,0.73,0.06,115.283,4766.18,75.33,17.22
2022-01-02,0.07,1.52,0.73,0.06,115.283,4766.18,75.33,17.22
2022-01-03,0.08,1.63,0.78,0.08,115.4101,4796.56,75.99,16.6
2022-01-04,0.08,1.66,0.77,0.08,115.3103,4793.54,77.0,16.91
2022-01-05,0.08,1.71,0.83,0.09,115.137,4700.58,77.83,19.73
2022-01-06,0.08,1.73,0.88,0.1,115.4046,4696.05,79.47,19.61
2022-01-07,0.08,1.76,0.87,0.1,115.0451,4677.03,79.0,18.76
2022-01-08,0.08,1.76,0.87,0.1,115.0451,4677.03,79.0,18.76
2022-01-09,0.08,1.76,0.87,0.1,115.0451,4677.03,79.0,18.76
2022-01-10,0.08,1.78,0.92,0.13,115.2216,4670.29,78.11,19.4
2022-01-11,0.08,1.75,0.9,0.11,114.8332,4713.07,81.17,18.41
2022-01-12,0.08,1.74,0.92,0.12,114.355,4726.35,82.51,17.62
2022-01-13,0.08,1.7,0.91,0.12,114.177,4659.03,81.97,20.31
2022-01-14,0.08,1.78,0.99,0.13,114.3825,4662.85,83.82,19.19
2022-01-15,0.08,1.78,0.99,0.13,114.3825,4662.85,83.82,19.19
2022-01-16,0.08,1.78,0.99,0.13,114.3825,4662.85,83.82,19.19
2022-01-17,0.08,1.78,0.99,0.13,114.3825,4662.85,83.82,19.19
2022-01-18,0.08,1.87,1.06,0.16,114.7373,4577.11,85.42,22.79
2022-01-19,0.08,1.83,1.04,0.17,114.6109,4532.76,86.84,23.85
2022-01-20,0.08,1.83,1.08,0.17,114.4642,4482.73,86.29,25.59
2022-01-21,0.08,1.75,1.01,0.17,114.6125,4397.94,85.16,28.85
2022-01-22,0.08,1.75,1.01,0.17,114.6125,4397.94,85.16,28.85
2022-01-23,0.08,1.75,1.01,0.17,114.6125,4397.94,85.16,28.85
2022-01-24,0.08,1.75,0.99,0.19,115.2034,4410.13,84.48,29.9
2022-01-25,0.08,1.78,1.02,0.19,115.1654,4356.45,86.61,31.16
2022-01-26,0.08,1.85,1.13,0.19,115.0922,4349.93,88.33,31.96
2022-01-27,0.08,1.81,1.18,0.2,115.978,4326.51,87.61,30.49
2022-01-28,0.08,1.78,1.15,0.19,116.0393,4431.85,87.67,27.66
2022-01-29,0.08,1.78,1.15,0.19,116.0393,4431.85,87.67,27.66
2022-01-30,0.08,1.78,1.15,0.19,116.0393,4431.85,87.67,27.66
2022-01-31,0.08,1.79,1.18,0.22,115.566,4515.55,89.16,24.83
2022-02-01,0.08,1.81,1.18,0.19,115.3685,4546.54,88.22,21.96
2022-02-02,0.08,1.78,1.16,0.19,115.1538,4589.38,88.16,22.09
2022-02-03,0.08,1.82,1.19,0.2,114.9065,4477.44,90.17,24.35
2022-02-04,0.08,1.93,1.31,0.23,115.1362,4500.53,92.27,23.22
2022-02-05,0.08,1.93,1.31,0.23,115.1362,4500.53,92.27,23.22
2022-02-06,0.08,1.93,1.31,0.23,115.1362,4500.53,92.27,23.22
2022-02-07,0.08,1.92,1.3,0.27,115.0098,4483.87,91.25,22.86
2022-02-08,0.08,1.96,1.35,0.25,115.0892,4521.54,89.32,21.44
2022-02-09,0.08,1.94,1.36,0.26,114.8232,4587.18,89.57,19.96
2022-02-10,0.08,2.03,1.61,0.4,114.5527,4504.08,89.83,23.91
2022-02-11,0.08,1.92,1.5,0.36,114.8413,4418.64,93.1,27.36
2022-02-12,0.08,1.92,1.5,0.36,114.8413,4418.64,93.1,27.36
2022-02-13,0.08,1.92,1.5,0.36,114.8413,4418.64,93.1,27.36
2022-02-14,0.08,1.98,1.58,0.43,115.1946,4401.67,95.52,28.33
2022-02-15,0.08,2.05,1.58,0.4,114.93,4471.07,92.07,25.7
2022-02-16,0.08,2.03,1.52,0.38,114.6886,4475.01,93.83,24.29
2022-02-17,0.08,1.97,1.49,0.36,114.6755,4380.26,91.78,28.11
2022-02-18,0.08,1.92,1.47,0.35,114.7982,4348.87,91.26,27.75
2022-02-19,0.08,1.92,1.47,0.35,114.7982,4348.87,91.26,27.75
2022-02-20,0.08,1.92,1.47,0.35,114.7982,4348.87,91.26,27.75
2022-02-21,0.08,1.92,1.47,0.35,114.7982,4348.87,91.26,27.75
2022-02-22,0.08,1.94,1.56,0.37,114.7002,4304.76,92.11,28.81
2022-02-23,0.08,1.99,1.58,0.34,114.6668,4225.5,92.14,31.02
2022-02-24,0.08,1.96,1.54,0.32,115.9419,4288.7,92.77,30.32
2022-02-25,0.08,1.97,1.55,0.33,115.2577,4384.65,91.68,27.59
2022-02-26,0.08,1.97,1.55,0.33,115.2577,4384.65,91.68,27.59
2022-02-27,0.08,1.97,1.55,0.33,115.2577,4384.65,91.68,27.59
2022-02-28,0.08,1.83,1.44,0.35,115.2224,4373.94,96.13,30.15
2022-03-01,0.08,1.72,1.31,0.32,115.7962,4306.26,103.66,33.32
2022-03-02,0.08,1.86,1.5,0.34,115.7623,4386.54,110.74,30.74
2022-03-03,0.08,1.86,1.53,0.38,115.9495,4363.49,107.69,30.48
2022-03-04,0.08,1.74,1.5,0.34,116.6503,4328.87,115.77,31.98
2022-03-05,0.08,1.74,1.5,0.34,116.6503,4328.87,115.77,31.98
2022-03-06,0.08,1.74,1.5,0.34,116.6503,4328.87,115.77,31.98
2022-03-07,0.08,1.78,1.55,0.38,117.3278,4201.09,119.26,36.45
2022-03-08,0.08,1.86,1.63,0.36,117.6176,4170.7,123.64,35.13
2022-03-09,0.08,1.94,1.68,0.38,116.5961,4277.88,108.81,32.45
2022-03-10,0.08,1.98,1.72,0.39,116.7401,4259.52,105.93,30.23
2022-03-11,0.08,2.0,1.75,0.4,117.0192,4204.31,109.31,30.75
2022-03-12,0.08,2.0,1.75,0.4,117.0192,4204.31,109.31,30.75
2022-03-13,0.08,2.0,1.75,0.4,117.0192,4204.31,109.31,30.75
2022-03-14,0.08,2.14,1.87,0.45,117.1506,4173.11,103.22,31.77
2022-03-15,0.08,2.15,1.85,0.46,117.246,4262.45,96.42,29.83
2022-03-16,0.08,2.19,1.95,0.44,116.8073,4357.86,94.85,26.67
2022-03-17,0.33,2.2,1.94,0.4,116.0467,4411.67,102.97,25.67
2022-03-18,0.33,2.14,1.97,0.42,116.1378,4463.12,104.69,23.87
2022-03-19,0.33,2.14,1.97,0.42,116.1378,4463.12,104.69,23.87
2022-03-20,0.33,2.14,1.97,0.42,116.1378,4463.12,104.69,23.87
2022-03-21,0.33,2.32,2.14,0.54,115.9398,4461.18,112.14,23.53
2022-03-22,0.33,2.38,2.18,0.51,116.0824,4511.61,111.03,22.94
2022-03-23,0.33,2.32,2.13,0.5,116.005,4456.24,114.89,23.57
2022-03-24,0.33,2.34,2.13,0.52,115.9599,4520.16,114.2,21.67
2022-03-25,0.33,2.48,2.3,0.55,115.7921,4543.06,116.2,20.81
2022-03-26,0.33,2.48,2.3,0.55,115.7921,4543.06,116.2,20.81
2022-03-27,0.33,2.48,2.3,0.55,115.7921,4543.06,116.2,20.81
2022-03-28,0.33,2.46,2.35,0.59,116.1911,4575.52,107.55,19.63
2022-03-29,0.33,2.41,2.35,0.55,115.5679,4631.6,104.25,18.9
2022-03-30,0.33,2.35,2.31,0.55,115.0818,4602.45,107.81,19.33
2022-03-31,0.33,2.32,2.28,0.52,115.2218,4530.41,100.53,20.56
2022-04-01,0.33,2.39,2.44,0.53,115.4814,4545.86,99.32,19.63
2022-04-02,0.33,2.39,2.44,0.53,115.4814,4545.86,99.32,19.63
2022-04-03,0.33,2.39,2.44,0.53,115.4814,4545.86,99.32,19.63
2022-04-04,0.33,2.42,2.43,0.66,115.4112,4582.64,103.29,18.57
2022-04-05,0.33,2.54,2.51,0.65,115.73,4525.12,101.98,21.03
2022-04-06,0.33,2.61,2.5,0.67,115.9995,4481.15,96.39,22.1
2022-04-07,0.33,2.66,2.47,0.68,116.3512,4500.21,96.05,21.55
2022-04-08,0.33,2.72,2.53,0.7,116.4176,4488.28,98.35,21.16
2022-04-09,0.33,2.72,2.53,0.7,116.4176,4488.28,98.35,21.16
2022-04-10,0.33,2.72,2.53,0.7,116.4176,4488.28,98.35,21.16
2022-04-11,0.33,2.79,2.5,0.77,116.5401,4412.53,94.22,24.37
2022-04-12,0.33,2.72,2.39,0.74,116.3866,4397.45,100.52,24.26
2022-04-13,0.33,2.7,2.37,0.75,116.2796,4446.59,104.26,21.82
2022-04-14,0.33,2.83,2.47,0.79,116.7558,4392.59,106.84,22.7
2022-04-15,0.33,2.83,2.47,0.79,116.7017,4392.59,106.84,22.7
2022-04-16,0.33,2.83,2.47,0.79,116.7017,4392.59,106.84,22.7
2022-04-17,0.33,2.83,2.47,0.79,116.7017,4392.59,106.84,22.7
2022-04-18,0.33,2.85,2.46,0.81,116.8441,4391.69,108.24,22.17
2022-04-19,0.33,2.93,2.61,0.81,117.1324,4462.21,102.54,21.37
2022-04-20,0.33,2.85,2.6,0.82,116.7306,4459.45,102.56,20.32
2022-04-21,0.33,2.9,2.68,0.83,117.1432,4393.66,103.89,22.68
2022-04-22,0.33,2.9,2.72,0.83,118.0186,4271.78,102.86,28.21
2022-04-23,0.33,2.9,2.72,0.83,118.0186,4271.78,102.86,28.21
2022-04-24,0.33,2.9,2.72,0.83,118.0186,4271.78,102.86,28.21
2022-04-25,0.33,2.81,2.63,0.91,118.6271,4296.12,99.6,27.02
2022-04-26,0.33,2.77,2.54,0.83,118.9624,4175.2,102.62,33.52
2022-04-27,0.33,2.82,2.58,0.82,119.4708,4183.96,101.96,31.6
2022-04-28,0.33,2.85,2.63,0.82,120.0675,4287.5,105.47,29.99
2022-04-29,0.33,2.89,2.7,0.85,119.4933,4131.93,104.59,33.4
2022-04-30,0.33,2.89,2.7,0.85,119.4933,4131.93,104.59,33.4
2022-05-01,0.33,2.89,2.7,0.85,119.4933,4131.93,104.59,33.4
2022-05-02,0.33,2.99,2.73,0.9,119.8825,4155.38,105.18,32.34
2022-05-03,0.33,2.97,2.78,0.91,119.7043,4175.48,102.53,29.25
2022-05-04,0.33,2.93,2.66,0.89,119.5592,4300.17,107.84,25.42
2022-05-05,0.83,3.05,2.71,0.85,120.0068,4146.87,108.17,31.2
2022-05-06,0.83,3.12,2.72,0.85,119.8577,4123.34,109.72,30.19
2022-05-07,0.83,3.12,2.72,0.85,119.8577,4123.34,109.72,30.19
2022-05-08,0.83,3.12,2.72,0.85,119.8577,4123.34,109.72,30.19
2022-05-09,0.83,3.05,2.61,0.92,120.4972,3991.24,103.08,34.75
2022-05-10,0.83,2.99,2.62,0.89,120.7742,4001.05,99.74,32.99
2022-05-11,0.83,2.91,2.66,0.91,120.3925,3935.18,105.5,32.56
2022-05-12,0.83,2.84,2.56,0.96,121.2796,3930.08,106.15,31.77
2022-05-13,0.83,2.93,2.61,1.03,120.8442,4023.89,110.52,28.87
2022-05-14,0.83,2.93,2.61,1.03,120.8442,4023.89,110.52,28.87
2022-05-15,0.83,2.93,2.61,1.03,120.8442,4023.89,110.52,28.87
2022-05-16,0.83,2.88,2.58,1.07,120.6881,4008.01,114.07,27.47
2022-05-17,0.83,2.98,2.71,1.06,119.8871,4088.85,112.31,26.1
2022-05-18,0.83,2.89,2.68,1.03,120.0274,3923.68,109.67,30.96
2022-05-19,0.83,2.84,2.63,1.05,119.4278,3900.79,112.21,29.35
2022-05-20,0.83,2.78,2.6,1.03,119.3677,3901.36,112.63,29.43
2022-05-21,0.83,2.78,2.6,1.03,119.3677,3901.36,112.63,29.43
2022-05-22,0.83,2.78,2.6,1.03,119.3677,3901.36,112.63,29.43
2022-05-23,0.83,2.86,2.65,1.07,118.7169,3973.75,110.32,28.48
2022-05-24,0.83,2.76,2.5,1.06,118.6245,3941.48,112.55,29.45
2022-05-25,0.83,2.75,2.48,1.06,118.9598,3978.73,112.88,28.37
2022-05-26,0.83,2.75,2.46,1.07,118.7687,4057.84,116.19,27.5
2022-05-27,0.83,2.74,2.47,1.08,118.2834,4158.24,114.96,25.72
2022-05-28,0.83,2.74,2.47,1.08,118.2834,4158.24,114.96,25.72
2022-05-29,0.83,2.74,2.47,1.08,118.2834,4158.24,114.96,25.72
2022-05-30,0.83,2.74,2.47,1.08,118.2834,4158.24,114.96,26.54
2022-05-31,0.83,2.85,2.53,1.16,118.0704,4132.15,114.38,26.19
2022-06-01,0.83,2.94,2.66,1.15,118.6954,4101.23,115.26,25.69
2022-06-02,0.83,2.92,2.65,1.17,118.0658,4176.82,116.88,24.72
2022-06-03,0.83,2.96,2.66,1.21,118.2153,4108.54,118.97,24.79
2022-06-04,0.83,2.96,2.66,1.21,118.2153,4108.54,118.97,24.79
2022-06-05,0.83,2.96,2.66,1.21,118.2153,4108.54,118.97,24.79
2022-06-06,0.83,3.04,2.73,1.26,118.3081,4121.43,118.41,25.07
2022-06-07,0.83,2.98,2.75,1.26,118.4414,4160.68,119.55,24.02
2022-06-08,0.83,3.03,2.78,1.28,118.3951,4115.77,121.94,23.96
2022-06-09,0.83,3.04,2.83,1.3,118.9226,4017.82,121.52,26.09
2022-06-10,0.83,3.15,3.06,1.39,119.9981,3900.86,120.73,27.75
2022-06-11,0.83,3.15,3.06,1.39,119.9981,3900.86,120.73,27.75
2022-06-12,0.83,3.15,3.06,1.39,119.9981,3900.86,120.73,27.75
2022-06-13,0.83,3.43,3.4,1.73,121.1523,3749.63,120.92,34.02
2022-06-14,0.83,3.49,3.45,1.83,121.6669,3735.48,118.92,32.69
2022-06-15,0.83,3.33,3.2,1.74,121.6403,3789.99,115.32,29.62
2022-06-16,1.58,3.28,3.14,1.59,120.6714,3666.77,117.56,32.95
2022-06-17,1.58,3.25,3.17,1.63,121.2369,3674.84,109.56,31.13
2022-06-18,1.58,3.25,3.17,1.63,121.2369,3674.84,109.56,31.13
2022-06-19,1.58,3.25,3.17,1.63,121.2369,3674.84,109.56,31.13
2022-06-20,1.58,3.25,3.17,1.63,121.2369,3674.84,109.56,31.03
2022-06-21,1.58,3.31,3.21,1.7,120.6427,3764.79,110.49,30.19
2022-06-22,1.58,3.16,3.06,1.61,120.5197,3759.89,106.22,28.95
2022-06-23,1.58,3.09,3.01,1.65,120.7622,3795.73,105.75,29.05
2022-06-24,1.58,3.13,3.04,1.73,120.4853,3911.74,109.07,27.23
2022-06-25,1.58,3.13,3.04,1.73,120.4853,3911.74,109.07,27.23
2022-06-26,1.58,3.13,3.04,1.73,120.4853,3911.74,109.07,27.23
2022-06-27,1.58,3.2,3.08,1.79,120.1736,3900.11,111.44,26.95
2022-06-28,1.58,3.2,3.1,1.79,120.62,3821.55,113.66,28.36
2022-06-29,1.58,3.1,3.06,1.78,120.9616,3818.83,111.65,28.16
2022-06-30,1.58,2.98,2.92,1.72,120.9652,3785.38,107.76,28.71
2022-07-01,1.58,2.88,2.84,1.73,121.5058,3825.33,110.3,26.7
2022-07-02,1.58,2.88,2.84,1.73,121.5058,3825.33,110.3,26.7
2022-07-03,1.58,2.88,2.84,1.73,121.5058,3825.33,110.3,26.7
2022-07-04,1.58,2.88,2.84,1.73,121.5058,3825.33,110.3,27.53
2022-07-05,1.58,2.82,2.82,1.9,122.6203,3831.39,101.55,27.54
2022-07-06,1.58,2.93,2.97,1.9,123.0073,3845.08,100.31,26.73
2022-07-07,1.58,3.01,3.03,1.95,122.7257,3902.62,104.62,26.08
2022-07-08,1.58,3.09,3.12,1.98,122.4662,3899.38,106.78,24.64
2022-07-09,1.58,3.09,3.12,1.98,122.4662,3899.38,106.78,24.64
2022-07-10,1.58,3.09,3.12,1.98,122.4662,3899.38,106.78,24.64
2022-07-11,1.58,2.99,3.07,2.18,123.2974,3854.43,106.09,26.17
2022-07-12,1.58,2.96,3.03,2.22,123.4524,3818.8,97.69,27.29
2022-07-13,1.58,2.91,3.13,2.39,123.2834,3801.78,98.44,26.82
2022-07-14,1.58,2.96,3.15,2.4,124.0622,3790.38,97.79,26.4
2022-07-15,1.58,2.93,3.13,2.37,123.4765,3863.16,99.59,24.23
2022-07-16,1.58,2.93,3.13,2.37,123.4765,3863.16,99.59,24.23
2022-07-17,1.58,2.93,3.13,2.37,123.4765,3863.16,99.59,24.23
2022-07-18,1.58,2.96,3.15,2.5,122.7727,3830.85,104.48,25.3
2022-07-19,1.58,3.01,3.23,2.52,122.4819,3936.69,106.12,24.5
2022-07-20,1.58,3.04,3.25,2.51,122.5997,3959.9,104.45,23.88
2022-07-21,1.58,2.91,3.1,2.48,122.9032,3998.95,98.44,23.11
2022-07-22,1.58,2.77,2.98,2.49,122.451,3961.63,97.71,23.03
2022-07-23,1.58,2.77,2.98,2.49,122.451,3961.63,97.71,23.03
2022-07-24,1.58,2.77,2.98,2.49,122.451,3961.63,97.71,23.03
2022-07-25,1.58,2.81,3.0,2.62,122.4594,3966.84,99.83,23.36
2022-07-26,1.58,2.81,3.02,2.55,122.7581,3921.05,97.74,24.69
2022-07-27,1.58,2.78,2.96,2.44,122.8169,4023.61,100.03,23.24
2022-07-28,2.33,2.68,2.85,2.42,122.1161,4072.43,99.11,22.33
2022-07-29,2.32,2.67,2.89,2.41,121.7678,4130.29,101.31,21.33
2022-07-30,2.32,2.67,2.89,2.41,121.7678,4130.29,101.31,21.33
2022-07-31,2.32,2.67,2.89,2.41,121.7678,4130.29,101.31,21.33
2022-08-01,2.33,2.6,2.9,2.56,121.4109,4118.63,96.59,22.84
2022-08-02,2.33,2.75,3.06,2.56,121.9486,4091.19,97.14,23.93
2022-08-03,2.33,2.73,3.1,2.52,122.3888,4155.17,93.25,21.95
2022-08-04,2.33,2.68,3.03,2.5,121.8333,4151.94,91.29,21.44
2022-08-05,2.33,2.83,3.24,2.58,122.321,4145.19,91.77,21.15
2022-08-06,2.33,2.83,3.24,2.58,122.321,4145.19,91.77,21.15
2022-08-07,2.33,2.83,3.24,2.58,122.321,4145.19,91.77,21.15
2022-08-08,2.33,2.77,3.21,2.65,121.8783,4140.06,93.52,21.29
2022-08-09,2.33,2.8,3.28,2.67,121.8614,4122.47,93.18,21.77
2022-08-10,2.33,2.78,3.23,2.65,120.7543,4210.24,94.68,19.74
2022-08-11,2.33,2.87,3.23,2.62,120.7163,4207.27,97.02,20.2
2022-08-12,2.33,2.84,3.25,2.63,121.018,4280.15,94.86,19.53
2022-08-13,2.33,2.84,3.25,2.63,121.018,4280.15,94.86,19.53
2022-08-14,2.33,2.84,3.25,2.63,121.018,4280.15,94.86,19.53
2022-08-15,2.33,2.79,3.2,2.72,121.4315,4297.14,92.24,19.95
2022-08-16,2.33,2.82,3.25,2.7,121.6807,4305.2,89.23,19.69
2022-08-17,2.33,2.89,3.28,2.68,122.0711,4274.04,90.85,19.9
2022-08-18,2.33,2.88,3.22,2.71,122.3627,4283.74,93.2,19.56
2022-08-19,2.33,2.98,3.25,2.74,123.0501,4228.48,93.55,20.6
2022-08-20,2.33,2.98,3.25,2.74,123.0501,4228.48,93.55,20.6
2022-08-21,2.33,2.98,3.25,2.74,123.0501,4228.48,93.55,20.6
2022-08-22,2.33,3.03,3.32,2.82,123.605,4137.99,93.42,23.8
2022-08-23,2.33,3.05,3.29,2.8,123.0547,4128.73,96.46,24.11
2022-08-24,2.33,3.11,3.36,2.82,123.109,4140.77,95.52,22.82
2022-08-25,2.33,3.03,3.35,2.88,123.0586,4199.12,93.33,21.78
2022-08-26,2.33,3.04,3.37,2.89,123.0656,4057.66,93.63,25.56
2022-08-27,2.33,3.04,3.37,2.89,123.0656,4057.66,93.63,25.56
2022-08-28,2.33,3.04,3.37,2.89,123.0656,4057.66,93.63,25.56
2022-08-29,2.33,3.12,3.42,2.97,123.4686,4030.61,97.4,26.21
2022-08-30,2.33,3.11,3.46,2.97,123.6848,3986.16,92.08,26.21
2022-08-31,2.33,3.15,3.45,2.96,123.535,3955.0,90.09,25.87
2022-09-01,2.33,3.26,3.51,2.97,124.4006,3966.85,87.09,25.56
2022-09-02,2.33,3.2,3.4,2.94,123.7743,3924.26,87.29,25.47
2022-09-03,2.33,3.2,3.4,2.94,123.7743,3924.26,87.29,25.47
2022-09-04,2.33,3.2,3.4,2.94,123.7743,3924.26,87.29,25.47
2022-09-05,2.33,3.2,3.4,2.94,123.7743,3924.26,87.29,25.99
2022-09-06,2.33,3.33,3.5,3.04,124.767,3908.19,87.35,26.91
2022-09-07,2.33,3.27,3.45,3.07,124.8408,3979.87,82.5,24.64
2022-09-08,2.33,3.29,3.48,3.06,124.578,4006.18,84.04,23.61
2022-09-09,2.33,3.33,3.56,3.08,123.7874,4067.36,87.27,22.79
2022-09-10,2.33,3.33,3.56,3.08,123.7874,4067.36,87.27,22.79
2022-09-11,2.33,3.33,3.56,3.08,123.7874,4067.36,87.27,22.79
2022-09-12,2.33,3.37,3.58,3.17,123.3332,4110.41,88.18,23.87
2022-09-13,2.33,3.42,3.75,3.28,124.4242,3932.69,87.84,27.27
2022-09-14,2.33,3.41,3.78,3.24,124.4509,3946.01,88.88,26.16
2022-09-15,2.33,3.45,3.87,3.22,124.8843,3901.35,85.72,26.27
2022-09-16,2.33,3.45,3.85,3.2,124.8794,3873.33,85.57,26.3
2022-09-17,2.33,3.45,3.85,3.2,124.8794,3873.33,85.57,26.3
2022-09-18,2.33,3.45,3.85,3.2,124.8794,3873.33,85.57,26.3
2022-09-19,2.33,3.49,3.95,3.37,125.0104,3899.89,86.15,25.76
2022-09-20,2.33,3.57,3.96,3.35,125.1248,3855.93,84.69,27.16
2022-09-21,2.33,3.51,4.02,3.31,125.7399,3789.93,83.38,27.99
2022-09-22,3.08,3.7,4.11,3.29,126.1667,3757.99,84.02,27.35
2022-09-23,3.08,3.69,4.2,3.24,127.2853,3693.23,79.07,29.92
2022-09-24,3.08,3.69,4.2,3.24,127.2853,3693.23,79.07,29.92
2022-09-25,3.08,3.69,4.2,3.24,127.2853,3693.23,79.07,29.92
2022-09-26,3.08,3.88,4.27,3.39,128.4539,3655.04,77.17,32.26
2022-09-27,3.08,3.97,4.3,3.35,128.4386,3647.29,78.91,32.6
2022-09-28,3.08,3.72,4.07,3.4,128.0884,3719.04,82.61,30.18
2022-09-29,3.08,3.76,4.16,3.36,127.5437,3640.47,81.78,31.84
2022-09-30,3.08,3.83,4.22,3.33,127.5148,3585.62,79.91,31.62
2022-10-01,3.08,3.83,4.22,3.33,127.5148,3585.62,79.91,31.62
2022-10-02,3.08,3.83,4.22,3.33,127.5148,3585.62,79.91,31.62
2022-10-03,3.08,3.67,4.12,3.46,127.0813,3678.43,84.05,30.1
2022-10-04,3.08,3.62,4.1,3.45,126.1819,3790.93,86.87,29.07
2022-10-05,3.08,3.76,4.15,3.46,126.8616,3783.28,88.22,28.55
2022-10-06,3.08,3.83,4.23,3.46,127.2493,3744.52,88.9,30.52
2022-10-07,3.08,3.89,4.3,3.45,127.3111,3639.66,93.07,31.36
2022-10-08,3.08,3.89,4.3,3.45,127.3111,3639.66,93.07,31.36
2022-10-09,3.08,3.89,4.3,3.45,127.3111,3639.66,93.07,31.36
2022-10-10,3.08,3.89,4.3,3.45,127.3111,3612.39,91.6,32.45
2022-10-11,3.08,3.93,4.3,3.67,127.6641,3588.84,89.75,33.63
2022-10-12,3.08,3.91,4.28,3.7,128.1481,3577.03,87.83,33.57
2022-10-13,3.08,3.97,4.47,3.79,127.7286,3669.91,89.59,31.94
2022-10-14,3.08,4.0,4.48,3.81,128.3325,3583.07,86.1,32.02
2022-10-15,3.08,4.0,4.48,3.81,128.3325,3583.07,86.1,32.02
2022-10-16,3.08,4.0,4.48,3.81,128.3325,3583.07,86.1,32.02
2022-10-17,3.08,4.02,4.45,3.97,127.6448,3677.95,86.0,31.37
2022-10-18,3.08,4.01,4.43,4.04,127.9153,3719.98,83.29,30.5
2022-10-19,3.08,4.14,4.55,4.07,128.3968,3695.16,86.0,30.76
2022-10-20,3.08,4.24,4.62,4.09,128.0052,3665.78,86.02,29.98
2022-10-21,3.08,4.21,4.49,4.09,127.6735,3752.75,85.47,29.69
2022-10-22,3.08,4.21,4.49,4.09,127.6735,3752.75,85.47,29.69
2022-10-23,3.08,4.21,4.49,4.09,127.6735,3752.75,85.47,29.69
2022-10-24,3.08,4.25,4.5,4.16,128.0304,3797.34,86.12,29.85
2022-10-25,3.08,4.1,4.42,4.14,127.3771,3859.11,86.93,28.46
2022-10-26,3.08,4.04,4.39,4.11,126.4723,3830.6,89.39,27.28
2022-10-27,3.08,3.96,4.3,4.13,126.7028,3807.3,89.06,27.39
2022-10-28,3.08,4.02,4.41,4.18,127.2135,3901.06,87.85,25.75
2022-10-29,3.08,4.02,4.41,4.18,127.2135,3901.06,87.85,25.75
2022-10-30,3.08,4.02,4.41,4.18,127.2135,3901.06,87.85,25.75
2022-10-31,3.08,4.1,4.51,4.22,127.6219,3871.98,86.54,25.88
2022-11-01,3.08,4.07,4.54,4.23,127.3987,3856.1,88.36,25.81
2022-11-02,3.08,4.1,4.61,4.22,127.3115,3759.69,90.06,25.86
2022-11-03,3.83,4.14,4.71,4.25,128.1743,3719.89,88.14,25.3
2022-11-04,3.83,4.17,4.66,4.21,127.1468,3770.55,92.58,24.55
2022-11-05,3.83,4.17,4.66,4.21,127.1468,3770.55,92.58,24.55
2022-11-06,3.83,4.17,4.66,4.21,127.1468,3770.55,92.58,24.55
2022-11-07,3.83,4.22,4.72,4.29,126.3062,3806.8,91.8,24.35
2022-11-08,3.83,4.14,4.67,4.28,125.633,3828.11,88.8,25.54
2022-11-09,3.83,4.12,4.61,4.29,125.9861,3748.57,85.79,26.09
2022-11-10,3.83,3.82,4.34,4.28,124.7044,3956.37,86.52,23.53
2022-11-11,3.83,3.82,4.34,4.28,124.7044,3992.93,89.14,22.52
2022-11-12,3.83,3.82,4.34,4.28,124.7044,3992.93,89.14,22.52
2022-11-13,3.83,3.82,4.34,4.28,124.7044,3992.93,89.14,22.52
2022-11-14,3.83,3.88,4.4,4.34,123.4277,3957.25,85.85,23.73
2022-11-15,3.83,3.8,4.37,4.31,123.039,3991.73,86.87,24.54
2022-11-16,3.83,3.67,4.35,4.32,123.2817,3958.79,85.62,24.11
2022-11-17,3.83,3.77,4.43,4.32,123.977,3946.56,81.69,23.93
2022-11-18,3.83,3.82,4.51,4.34,123.8524,3965.34,80.07,23.12
2022-11-19,3.83,3.82,4.51,4.34,123.8524,3965.34,80.07,23.12
2022-11-20,3.83,3.82,4.51,4.34,123.8524,3965.34,80.07,23.12
2022-11-21,3.83,3.83,4.48,4.41,124.7009,3949.94,79.74,22.36
2022-11-22,3.83,3.76,4.47,4.4,124.2365,4003.58,80.83,21.29
2022-11-23,3.83,3.71,4.46,4.4,123.7574,4027.26,77.93,20.35
2022-11-24,3.83,3.71,4.46,4.4,123.7574,4027.26,77.93,20.42
2022-11-25,3.83,3.68,4.42,4.41,123.3386,4026.12,76.45,20.5
2022-11-26,3.83,3.68,4.42,4.41,123.3386,4026.12,76.45,20.5
2022-11-27,3.83,3.68,4.42,4.41,123.3386,4026.12,76.45,20.5
2022-11-28,3.83,3.69,4.46,4.41,123.6032,3963.94,77.1,22.21
2022-11-29,3.83,3.75,4.48,4.38,123.6615,3957.63,77.96,21.89
2022-11-30,3.83,3.68,4.38,4.37,123.5175,4080.11,80.48,20.58
2022-12-01,3.83,3.53,4.25,4.33,122.0045,4076.57,81.06,19.84
2022-12-02,3.83,3.51,4.28,4.34,122.0102,4071.7,79.86,19.06
2022-12-03,3.83,3.51,4.28,4.34,122.0102,4071.7,79.86,19.06
2022-12-04,3.83,3.51,4.28,4.34,122.0102,4071.7,79.86,19.06
2022-12-05,3.83,3.6,4.41,4.36,122.6384,3998.84,76.83,20.75
2022-12-06,3.83,3.51,4.34,4.37,123.0191,3941.26,74.21,22.17
2022-12-07,3.83,3.42,4.26,4.29,122.7608,3933.92,71.93,22.68
2022-12-08,3.83,3.48,4.31,4.28,122.4152,3963.51,71.3,22.29
2022-12-09,3.83,3.57,4.33,4.31,122.4201,3934.38,71.05,22.83
2022-12-10,3.83,3.57,4.33,4.31,122.4201,3934.38,71.05,22.83
2022-12-11,3.83,3.57,4.33,4.31,122.4201,3934.38,71.05,22.83
2022-12-12,3.83,3.61,4.39,4.38,122.7714,3990.56,72.96,25.0
2022-12-13,3.83,3.51,4.22,4.35,121.8493,4019.65,75.44,22.55
2022-12-14,3.83,3.49,4.23,4.33,121.8226,3995.32,77.14,21.14
2022-12-15,4.33,3.44,4.23,4.34,122.5519,3895.75,75.89,22.83
2022-12-16,4.33,3.48,4.17,4.31,122.6505,3852.36,74.19,22.62
2022-12-17,4.33,3.48,4.17,4.31,122.6505,3852.36,74.19,22.62
2022-12-18,4.33,3.48,4.17,4.31,122.6505,3852.36,74.19,22.62
2022-12-19,4.33,3.57,4.25,4.37,122.5275,3817.66,75.05,22.42
2022-12-20,4.33,3.69,4.25,4.35,122.1357,3821.62,75.92,21.48
2022-12-21,4.33,3.68,4.21,4.33,122.2828,3878.44,78.17,20.07
2022-12-22,4.33,3.67,4.24,4.35,122.2419,3822.39,77.68,21.97
2022-12-23,4.33,3.75,4.31,4.34,121.9743,3844.82,79.57,20.87
2022-12-24,4.33,3.75,4.31,4.34,121.9743,3844.82,79.57,20.87
2022-12-25,4.33,3.75,4.31,4.34,121.9743,3844.82,79.57,20.87
2022-12-26,4.33,3.75,4.31,4.34,121.9743,3844.82,79.57,20.87
2022-12-27,4.33,3.84,4.32,4.46,121.7539,3829.25,79.45,21.65
2022-12-28,4.33,3.88,4.31,4.46,122.0075,3783.22,78.89,22.14
2022-12-29,4.33,3.83,4.34,4.45,121.6577,3849.28,78.43,21.44
2022-12-30,4.33,3.88,4.41,4.42,121.4256,3839.5,80.16,21.67
2022-12-31,4.33,3.88,4.41,4.42,121.4256,3839.5,80.16,21.67
2023-01-01,4.33,3.88,4.41,4.42,121.4256,3839.5,80.16,21.67
2023-01-02,4.33,3.88,4.41,4.42,121.4256,3839.5,80.16,21.67
2023-01-03,4.33,3.79,4.4,4.53,122.0905,3824.14,76.87,22.9
2023-01-04,4.33,3.69,4.36,4.55,121.5008,3852.97,72.82,22.01
2023-01-05,4.33,3.71,4.45,4.66,122.1017,3808.1,73.61,22.46
2023-01-06,4.33,3.55,4.24,4.67,121.0852,3895.08,73.77,21.13
2023-01-07,4.33,3.55,4.24,4.67,121.0852,3895.08,73.77,21.13
2023-01-08,4.33,3.55,4.24,4.67,121.0852,3895.08,73.77,21.13
2023-01-09,4.33,3.53,4.19,4.7,120.1508,3892.09,74.69,21.97
2023-01-10,4.33,3.61,4.24,4.73,120.2483,3919.25,75.11,20.58
2023-01-11,4.33,3.54,4.2,4.72,120.1614,3969.61,77.46,21.09
2023-01-12,4.33,3.43,4.12,4.66,119.4218,3983.17,78.32,18.83
2023-01-13,4.33,3.49,4.22,4.67,119.1673,3999.09,79.9,18.35
2023-01-14,4.33,3.49,4.22,4.67,119.1673,3999.09,79.9,18.35
2023-01-15,4.33,3.49,4.22,4.67,119.1673,3999.09,79.9,18.35
2023-01-16,4.33,3.49,4.22,4.67,119.1673,3999.09,79.9,19.49
2023-01-17,4.33,3.53,4.18,4.71,119.2121,3990.97,80.25,19.36
2023-01-18,4.33,3.37,4.06,4.69,119.0755,3928.86,79.53,20.34
2023-01-19,4.33,3.39,4.09,4.71,119.6107,3898.85,80.31,20.52
2023-01-20,4.33,3.48,4.14,4.72,119.3486,3972.61,81.27,19.85
2023-01-21,4.33,3.48,4.14,4.72,119.3486,3972.61,81.27,19.85
2023-01-22,4.33,3.48,4.14,4.72,119.3486,3972.61,81.27,19.85
2023-01-23,4.33,3.52,4.21,4.73,119.1434,4019.81,81.62,19.81
2023-01-24,4.33,3.46,4.12,4.72,119.0958,4016.95,79.86,19.2
2023-01-25,4.33,3.46,4.11,4.72,118.9686,4016.22,79.78,19.08
2023-01-26,4.33,3.49,4.17,4.71,119.021,4060.43,80.64,18.73
2023-01-27,4.33,3.52,4.19,4.73,118.9223,4070.56,79.73,18.51
2023-01-28,4.33,3.52,4.19,4.73,118.9223,4070.56,79.73,18.51
2023-01-29,4.33,3.52,4.19,4.73,118.9223,4070.56,79.73,18.51
2023-01-30,4.33,3.55,4.25,4.72,118.8953,4017.77,77.97,19.94
2023-01-31,4.33,3.52,4.21,4.7,118.9802,4076.6,78.95,19.4
2023-02-01,4.33,3.39,4.09,4.66,118.6259,4119.21,76.34,17.87
2023-02-02,4.58,3.4,4.09,4.66,118.3421,4179.76,75.87,18.73
2023-02-03,4.58,3.53,4.3,4.7,119.5095,4136.48,73.4,18.33
2023-02-04,4.58,3.53,4.3,4.7,119.5095,4136.48,73.4,18.33
2023-02-05,4.58,3.53,4.3,4.7,119.5095,4136.48,73.4,18.33
2023-02-06,4.58,3.63,4.44,4.71,120.541,4111.08,74.11,19.43
2023-02-07,4.58,3.67,4.47,4.71,120.3475,4164.0,77.17,18.66
2023-02-08,4.58,3.63,4.45,4.72,120.1436,4117.86,78.47,19.63
2023-02-09,4.57,3.67,4.48,4.77,119.9781,4081.5,78.04,20.71
2023-02-10,4.58,3.74,4.5,4.79,120.1419,4090.46,79.74,20.53
2023-02-11,4.58,3.74,4.5,4.79,120.1419,4090.46,79.74,20.53
2023-02-12,4.58,3.74,4.5,4.79,120.1419,4090.46,79.74,20.53
2023-02-13,4.58,3.72,4.52,4.81,119.9828,4137.29,80.14,20.34
2023-02-14,4.58,3.77,4.6,4.8,119.9229,4136.13,79.08,18.91
2023-02-15,4.58,3.81,4.62,4.79,120.4557,4147.6,78.57,18.23
2023-02-16,4.58,3.86,4.62,4.84,120.4651,4090.41,78.45,20.17
2023-02-17,4.58,3.82,4.6,4.84,120.5526,4079.09,76.31,20.02
2023-02-18,4.58,3.82,4.6,4.84,120.5526,4079.09,76.31,20.02
2023-02-19,4.58,3.82,4.6,4.84,120.5526,4079.09,76.31,20.02
2023-02-20,4.58,3.82,4.6,4.84,120.5526,4079.09,76.31,21.23
2023-02-21,4.58,3.95,4.67,4.86,120.6256,3997.34,76.28,22.87
2023-02-22,4.58,3.93,4.66,4.84,120.8389,3991.05,73.95,22.29
2023-02-23,4.58,3.88,4.66,4.84,121.0896,4012.32,75.26,21.14
2023-02-24,4.58,3.95,4.78,4.86,121.5681,3970.04,76.19,21.67
2023-02-25,4.58,3.95,4.78,4.86,121.5681,3970.04,76.19,21.67
2023-02-26,4.58,3.95,4.78,4.86,121.5681,3970.04,76.19,21.67
2023-02-27,4.57,3.92,4.78,4.89,121.3941,3982.24,75.57,20.95
2023-02-28,4.57,3.92,4.81,4.88,121.3341,3970.15,76.88,20.7
2023-03-01,4.58,4.01,4.89,4.9,120.6347,3951.39,77.57,20.58
2023-03-02,4.57,4.08,4.89,4.91,121.1302,3981.35,78.05,19.59
2023-03-03,4.57,3.97,4.86,4.91,120.7742,4045.64,79.62,18.49
2023-03-04,4.57,3.97,4.86,4.91,120.7742,4045.64,79.62,18.49
2023-03-05,4.57,3.97,4.86,4.91,120.7742,4045.64,79.62,18.49
2023-03-06,4.57,3.98,4.89,4.93,120.485,4048.42,80.39,18.61
2023-03-07,4.57,3.97,5.0,5.04,121.4623,3986.37,77.45,19.59
2023-03-08,4.57,3.98,5.05,5.06,121.4511,3992.01,76.56,19.11
2023-03-09,4.57,3.93,4.9,5.05,121.4458,3918.32,75.6,22.61
2023-03-10,4.57,3.7,4.6,5.01,121.2421,3861.59,76.55,24.8
2023-03-11,4.57,3.7,4.6,5.01,121.2421,3861.59,76.55,24.8
2023-03-12,4.57,3.7,4.6,5.01,121.2421,3861.59,76.55,24.8
2023-03-13,4.58,3.55,4.03,4.87,120.8897,3855.76,74.68,26.52
2023-03-14,4.58,3.64,4.2,4.88,121.0141,3919.29,71.18,23.73
2023-03-15,4.58,3.51,3.93,4.75,122.1079,3891.93,67.38,26.14
2023-03-16,4.58,3.56,4.14,4.74,121.7221,3960.28,68.15,22.99
2023-03-17,4.58,3.39,3.81,4.52,121.5643,3916.64,66.61,25.51
2023-03-18,4.58,3.39,3.81,4.52,121.5643,3916.64,66.61,25.51
2023-03-19,4.58,3.39,3.81,4.52,121.5643,3916.64,66.61,25.51
2023-03-20,4.58,3.47,3.92,4.81,121.0141,3951.57,67.56,24.15
2023-03-21,4.58,3.59,4.17,4.78,120.8958,4002.87,69.4,21.38
2023-03-22,4.58,3.48,3.96,4.79,120.6217,3936.97,70.71,22.26
2023-03-23,4.83,3.38,3.76,4.73,119.7587,3948.72,69.77,22.61
2023-03-24,4.83,3.38,3.76,4.74,120.4598,3970.99,69.22,21.74
2023-03-25,4.83,3.38,3.76,4.74,120.4598,3970.99,69.22,21.74
2023-03-26,4.83,3.38,3.76,4.74,120.4598,3970.99,69.22,21.74
2023-03-27,4.83,3.53,3.94,4.91,120.2541,3977.53,72.87,20.6
2023-03-28,4.83,3.55,4.02,4.8,119.7138,3971.27,73.12,19.97
2023-03-29,4.83,3.57,4.08,4.8,119.7258,4027.81,72.95,19.12
2023-03-30,4.83,3.55,4.1,4.97,119.4078,4050.83,74.32,19.02
2023-03-31,4.83,3.48,4.06,4.85,119.3602,4109.31,75.68,18.7
2023-04-01,4.83,3.48,4.06,4.85,119.3602,4109.31,75.68,18.7
2023-04-02,4.83,3.48,4.06,4.85,119.3602,4109.31,75.68,18.7
2023-04-03,4.83,3.43,3.97,4.9,119.3204,4124.51,80.4,18.55
2023-04-04,4.83,3.35,3.84,4.88,119.142,4100.6,80.7,19.0
2023-04-05,4.83,3.3,3.79,4.86,119.2953,4090.38,80.69,19.08
2023-04-06,4.83,3.3,3.82,4.91,119.3072,4105.02,80.7,18.4
2023-04-07,4.83,3.39,3.97,4.95,119.3547,4105.02,80.7,18.4
2023-04-08,4.83,3.39,3.97,4.95,119.3547,4105.02,80.7,18.4
2023-04-09,4.83,3.39,3.97,4.95,119.3547,4105.02,80.7,18.4
2023-04-10,4.83,3.41,4.0,5.08,119.7948,4109.11,79.79,18.97
2023-04-11,4.83,3.43,4.03,5.04,119.5248,4108.94,81.54,19.1
2023-04-12,4.83,3.41,3.95,5.02,119.003,4091.95,83.26,19.09
2023-04-13,4.83,3.45,3.96,5.1,118.3915,4146.22,82.16,17.8
2023-04-14,4.83,3.52,4.08,5.14,118.8567,4137.64,82.58,17.07
2023-04-15,4.83,3.52,4.08,5.14,118.8567,4137.64,82.58,17.07
2023-04-16,4.83,3.52,4.08,5.14,118.8567,4137.64,82.58,17.07
2023-04-17,4.83,3.6,4.18,5.21,119.2787,4151.32,80.93,16.95
2023-04-18,4.83,3.58,4.19,5.2,119.1049,4154.87,80.85,16.83
2023-04-19,4.83,3.6,4.24,5.16,119.303,4154.52,79.18,16.46
2023-04-20,4.83,3.54,4.14,5.12,119.1199,4129.79,77.27,17.17
2023-04-21,4.83,3.57,4.17,5.14,119.3117,4133.52,77.86,16.77
2023-04-22,4.83,3.57,4.17,5.14,119.3117,4133.52,77.86,16.77
2023-04-23,4.83,3.57,4.17,5.14,119.3117,4133.52,77.86,16.77
2023-04-24,4.83,3.52,4.12,5.2,119.2039,4137.04,78.64,16.89
2023-04-25,4.83,3.4,3.86,5.12,119.613,4071.63,77.05,18.76
2023-04-26,4.83,3.43,3.9,5.16,119.3228,4055.99,74.33,18.84
2023-04-27,4.83,3.53,4.07,5.18,119.4298,4135.35,74.77,17.03
2023-04-28,4.83,3.44,4.04,5.1,119.2248,4169.48,76.78,15.78
2023-04-29,4.83,3.44,4.04,5.1,119.2248,4169.48,76.78,15.78
2023-04-30,4.83,3.44,4.04,5.1,119.2248,4169.48,76.78,15.78
2023-05-01,4.83,3.59,4.14,5.27,119.4435,4167.87,75.65,16.08
2023-05-02,4.83,3.44,3.97,5.24,119.6105,4119.58,71.71,17.78
2023-05-03,4.83,3.38,3.89,5.26,119.1233,4090.75,68.62,18.34
2023-05-04,5.08,3.37,3.75,5.26,119.0465,4061.22,68.52,20.09
2023-05-05,5.08,3.44,3.92,5.26,118.5548,4136.25,71.32,17.19
2023-05-06,5.08,3.44,3.92,5.26,118.5548,4136.25,71.32,17.19
2023-05-07,5.08,3.44,3.92,5.26,118.5548,4136.25,71.32,17.19
2023-05-08,5.08,3.52,4.0,5.31,118.5759,4138.12,73.13,16.98
2023-05-09,5.08,3.53,4.01,5.29,118.8239,4119.17,73.68,17.71
2023-05-10,5.08,3.43,3.9,5.24,118.5864,4137.64,72.53,16.94
2023-05-11,5.08,3.39,3.89,5.2,119.0303,4130.62,70.81,16.93
2023-05-12,5.08,3.46,3.98,5.25,119.3671,4124.08,70.02,17.03
2023-05-13,5.08,3.46,3.98,5.25,119.3671,4124.08,70.02,17.03
2023-05-14,5.08,3.46,3.98,5.25,119.3671,4124.08,70.02,17.03
2023-05-15,5.08,3.5,3.99,5.21,119.1608,4136.28,71.07,17.12
2023-05-16,5.08,3.54,4.06,5.23,119.1743,4109.9,70.85,17.99
2023-05-17,5.08,3.57,4.12,5.26,119.607,4158.77,72.78,16.87
2023-05-18,5.08,3.65,4.24,5.31,120.0886,4198.05,71.82,16.05
2023-05-19,5.08,3.7,4.28,5.29,119.7751,4191.98,71.57,16.81
2023-05-20,5.08,3.7,4.28,5.29,119.7751,4191.98,71.57,16.81
2023-05-21,5.08,3.7,4.28,5.29,119.7751,4191.98,71.57,16.81
2023-05-22,5.08,3.72,4.29,5.4,120.0875,4192.63,71.81,17.21
2023-05-23,5.08,3.7,4.26,5.34,120.3204,4145.58,72.87,18.53
2023-05-24,5.08,3.73,4.31,5.37,120.4752,4115.24,74.37,20.03
2023-05-25,5.08,3.83,4.5,5.38,120.8413,4151.28,71.68,19.14
2023-05-26,5.08,3.8,4.54,5.34,120.6304,4205.45,72.35,17.95
2023-05-27,5.08,3.8,4.54,5.34,120.6304,4205.45,72.35,17.95
2023-05-28,5.08,3.8,4.54,5.34,120.6304,4205.45,72.35,17.95
2023-05-29,5.08,3.8,4.54,5.34,120.6304,4205.45,72.35,17.46
2023-05-30,5.08,3.69,4.46,5.55,120.5546,4205.52,69.45,17.46
2023-05-31,5.08,3.64,4.4,5.52,120.9662,4179.83,68.11,17.94
2023-06-01,5.08,3.61,4.33,5.5,120.0491,4221.02,70.09,15.65
2023-06-02,5.08,3.69,4.5,5.5,120.0049,4282.37,71.76,14.6
2023-06-03,5.08,3.69,4.5,5.5,120.0049,4282.37,71.76,14.6
2023-06-04,5.08,3.69,4.5,5.5,120.0049,4282.37,71.76,14.6
2023-06-05,5.08,3.69,4.46,5.46,120.0048,4273.79,72.14,14.73
2023-06-06,5.08,3.7,4.51,5.44,119.9718,4283.85,71.71,13.96
2023-06-07,5.08,3.79,4.56,5.42,119.859,4267.52,72.52,13.94
2023-06-08,5.08,3.73,4.52,5.38,119.5712,4293.93,71.28,13.65
2023-06-09,5.08,3.75,4.59,5.37,119.4322,4298.86,70.16,13.83
2023-06-10,5.08,3.75,4.59,5.37,119.4322,4298.86,70.16,13.83
2023-06-11,5.08,3.75,4.59,5.37,119.4322,4298.86,70.16,13.83
2023-06-12,5.08,3.73,4.55,5.4,119.6376,4338.93,67.08,15.01
2023-06-13,5.08,3.84,4.67,5.36,119.1899,4369.01,69.39,14.61
2023-06-14,5.08,3.83,4.74,5.36,118.776,4372.59,68.22,13.88
2023-06-15,5.07,3.72,4.62,5.33,118.5521,4425.84,70.61,14.5
2023-06-16,5.08,3.77,4.7,5.34,118.4184,4409.59,71.81,13.54
2023-06-17,5.08,3.77,4.7,5.34,118.4184,4409.59,71.81,13.54
2023-06-18,5.08,3.77,4.7,5.34,118.4184,4409.59,71.81,13.54
2023-06-19,5.08,3.77,4.7,5.34,118.4184,4409.59,71.81,14.19
2023-06-20,5.07,3.74,4.68,5.39,118.938,4388.71,70.94,13.88
2023-06-21,5.07,3.72,4.68,5.4,118.727,4365.69,72.55,13.2
2023-06-22,5.07,3.8,4.77,5.4,118.7552,4381.89,69.22,12.91
2023-06-23,5.07,3.74,4.71,5.41,119.152,4348.33,68.91,13.44
2023-06-24,5.07,3.74,4.71,5.41,119.152,4348.33,68.91,13.44
2023-06-25,5.07,3.74,4.71,5.41,119.152,4348.33,68.91,13.44
2023-06-26,5.07,3.72,4.65,5.5,119.0761,4328.82,69.09,14.25
2023-06-27,5.07,3.77,4.74,5.44,118.8949,4378.41,67.68,13.74
2023-06-28,5.07,3.71,4.71,5.44,119.3382,4376.86,69.54,13.43
2023-06-29,5.07,3.85,4.87,5.46,119.527,4396.44,69.85,13.54
2023-06-30,5.08,3.81,4.87,5.43,119.3606,4450.38,70.66,13.59
2023-07-01,5.08,3.81,4.87,5.43,119.3606,4450.38,70.66,13.59
2023-07-02,5.08,3.81,4.87,5.43,119.3606,4450.38,70.66,13.59
2023-07-03,5.08,3.86,4.94,5.44,119.2119,4455.59,69.71,13.57
2023-07-04,5.08,3.86,4.94,5.44,119.2119,4455.59,69.71,13.7
2023-07-05,5.08,3.95,4.94,5.44,119.3483,4446.82,71.78,14.18
2023-07-06,5.08,4.05,4.99,5.46,119.8193,4411.59,71.76,15.44
2023-07-07,5.08,4.06,4.94,5.46,119.0761,4398.95,73.91,14.83
2023-07-08,5.08,4.06,4.94,5.46,119.0761,4398.95,73.91,14.83
2023-07-09,5.08,4.06,4.94,5.46,119.0761,4398.95,73.91,14.83
2023-07-10,5.07,4.01,4.85,5.48,118.9548,4409.53,73.05,15.07
2023-07-11,5.08,3.99,4.88,5.49,118.7344,4439.26,74.87,14.84
2023-07-12,5.08,3.86,4.72,5.47,117.6385,4472.16,75.77,13.54
2023-07-13,5.08,3.76,4.59,5.47,117.1831,4510.04,76.86,13.61
2023-07-14,5.08,3.83,4.74,5.49,117.0463,4505.42,75.44,13.34
2023-07-15,5.08,3.83,4.74,5.49,117.0463,4505.42,75.44,13.34
2023-07-16,5.08,3.83,4.74,5.49,117.0463,4505.42,75.44,13.34
2023-07-17,5.08,3.81,4.74,5.49,117.1267,4522.79,74.17,13.48
2023-07-18,5.08,3.8,4.74,5.49,117.0264,4554.98,75.76,13.3
2023-07-19,5.08,3.75,4.74,5.49,117.3462,4565.72,75.4,13.76
2023-07-20,5.08,3.85,4.8,5.49,117.5947,4534.87,75.65,13.99
2023-07-21,5.08,3.84,4.82,5.5,117.9418,4536.34,77.06,13.6
2023-07-22,5.08,3.84,4.82,5.5,117.9418,4536.34,77.06,13.6
2023-07-23,5.08,3.84,4.82,5.5,117.9418,4536.34,77.06,13.6
2023-07-24,5.08,3.86,4.81,5.51,117.8124,4554.64,78.81,13.91
2023-07-25,5.08,3.91,4.85,5.51,117.8565,4567.46,79.76,13.86
2023-07-26,5.08,3.86,4.82,5.51,117.76,4566.75,79.11,13.19
2023-07-27,5.33,4.01,4.91,5.51,117.8938,4537.41,80.17,14.41
2023-07-28,5.33,3.96,4.87,5.52,117.788,4582.23,80.55,13.33
2023-07-29,5.33,3.96,4.87,5.52,117.788,4582.23,80.55,13.33
2023-07-30,5.33,3.96,4.87,5.52,117.788,4582.23,80.55,13.33
2023-07-31,5.33,3.97,4.88,5.55,117.8241,4588.96,81.8,13.63
2023-08-01,5.33,4.05,4.92,5.54,118.5738,4576.73,81.37,13.93
2023-08-02,5.33,4.08,4.88,5.53,119.1268,4513.39,79.5,16.09
2023-08-03,5.33,4.2,4.9,5.54,119.3963,4501.89,81.56,15.92
2023-08-04,5.33,4.05,4.78,5.54,118.821,4478.03,82.76,17.1
2023-08-05,5.33,4.05,4.78,5.54,118.821,4478.03,82.76,17.1
2023-08-06,5.33,4.05,4.78,5.54,118.821,4478.03,82.76,17.1
2023-08-07,5.33,4.09,4.76,5.56,119.0809,4518.44,81.94,15.77
2023-08-08,5.33,4.02,4.74,5.57,119.6407,4499.38,82.94,15.99
2023-08-09,5.33,4.0,4.79,5.55,119.476,4467.71,84.35,15.96
2023-08-10,5.33,4.09,4.82,5.54,119.1581,4468.83,82.81,15.85
2023-08-11,5.33,4.16,4.89,5.54,119.6268,4464.05,83.17,14.84
2023-08-12,5.33,4.16,4.89,5.54,119.6268,4464.05,83.17,14.84
2023-08-13,5.33,4.16,4.89,5.54,119.6268,4464.05,83.17,14.84
2023-08-14,5.33,4.19,4.96,5.56,120.0725,4489.72,82.5,14.82
2023-08-15,5.33,4.21,4.92,5.56,120.2127,4437.86,81.06,16.46
2023-08-16,5.33,4.28,4.97,5.56,120.3551,4404.33,79.4,16.78
2023-08-17,5.33,4.3,4.94,5.56,120.5242,4370.36,80.43,17.89
2023-08-18,5.33,4.26,4.92,5.55,120.4321,4369.71,81.25,17.3
2023-08-19,5.33,4.26,4.92,5.55,120.4321,4369.71,81.25,17.3
2023-08-20,5.33,4.26,4.92,5.55,120.4321,4369.71,81.25,17.3
2023-08-21,5.33,4.34,4.97,5.57,120.4627,4399.77,80.71,17.13
2023-08-22,5.33,4.34,5.02,5.57,120.3554,4387.55,80.25,16.97
2023-08-23,5.33,4.19,4.95,5.57,120.0307,4436.01,78.91,15.98
2023-08-24,5.33,4.23,4.98,5.58,120.2354,4376.31,79.52,17.2
2023-08-25,5.33,4.25,5.03,5.61,120.5137,4405.71,80.47,15.68
2023-08-26,5.33,4.25,5.03,5.61,120.5137,4405.71,80.47,15.68
2023-08-27,5.33,4.25,5.03,5.61,120.5137,4405.71,80.47,15.68
2023-08-28,5.33,4.2,4.98,5.58,120.3155,4433.31,80.65,15.08
2023-08-29,5.33,4.12,4.87,5.56,120.2669,4497.63,81.14,14.45
2023-08-30,5.33,4.12,4.9,5.56,119.7937,4514.87,81.64,13.88
2023-08-31,5.33,4.09,4.85,5.56,120.225,4507.66,83.55,13.57
2023-09-01,5.33,4.18,4.87,5.53,120.759,4515.77,85.52,13.09
2023-09-02,5.33,4.18,4.87,5.53,120.759,4515.77,85.52,13.09
2023-09-03,5.33,4.18,4.87,5.53,120.759,4515.77,85.52,13.09
2023-09-04,5.33,4.18,4.87,5.53,120.759,4515.77,85.52,13.82
2023-09-05,5.33,4.27,4.94,5.55,121.4345,4496.83,86.74,14.01
2023-09-06,5.33,4.3,5.01,5.55,121.8671,4465.48,87.55,14.45
2023-09-07,5.33,4.27,4.94,5.53,121.9528,4451.14,86.87,14.4
2023-09-08,5.33,4.26,4.98,5.55,121.9475,4457.49,87.51,13.84
2023-09-09,5.33,4.26,4.98,5.55,121.9475,4457.49,87.51,13.84
2023-09-10,5.33,4.26,4.98,5.55,121.9475,4457.49,87.51,13.84
2023-09-11,5.33,4.29,4.97,5.55,121.3386,4487.46,87.3,13.8
2023-09-12,5.33,4.27,4.98,5.56,121.2913,4461.9,88.87,14.23
2023-09-13,5.33,4.25,4.96,5.55,121.0549,4467.44,88.59,13.48
2023-09-14,5.33,4.29,5.0,5.55,121.2395,4505.1,90.13,12.82
2023-09-15,5.33,4.33,5.02,5.56,121.199,4450.32,90.83,13.79
2023-09-16,5.33,4.33,5.02,5.56,121.199,4450.32,90.83,13.79
2023-09-17,5.33,4.33,5.02,5.56,121.199,4450.32,90.83,13.79
2023-09-18,5.33,4.32,5.05,5.55,121.1938,4453.53,91.47,14.0
2023-09-19,5.33,4.37,5.08,5.54,121.1645,4443.95,91.16,14.11
2023-09-20,5.33,4.35,5.12,5.56,120.9648,4402.2,89.2,15.14
2023-09-21,5.33,4.49,5.12,5.57,121.5528,4330.0,89.56,17.54
2023-09-22,5.33,4.44,5.1,5.56,121.5306,4320.06,90.0,17.2
2023-09-23,5.33,4.44,5.1,5.56,121.5306,4320.06,90.0,17.2
2023-09-24,5.33,4.44,5.1,5.56,121.5306,4320.06,90.0,17.2
2023-09-25,5.33,4.55,5.09,5.58,122.1143,4337.44,89.68,16.9
2023-09-26,5.33,4.56,5.04,5.58,122.4742,4273.53,91.43,18.94
2023-09-27,5.33,4.61,5.1,5.58,122.9895,4274.51,93.67,18.22
2023-09-28,5.33,4.59,5.04,5.56,122.5342,4299.7,91.65,17.34
2023-09-29,5.33,4.59,5.03,5.55,122.3077,4288.05,90.77,17.52
2023-09-30,5.33,4.59,5.03,5.55,122.3077,4288.05,90.77,17.52
2023-10-01,5.33,4.59,5.03,5.55,122.3077,4288.05,90.77,17.52
2023-10-02,5.33,4.69,5.12,5.62,123.0545,4288.39,88.81,17.61
2023-10-03,5.33,4.81,5.15,5.62,123.7848,4229.45,89.26,19.78
2023-10-04,5.33,4.73,5.05,5.61,123.5946,4263.75,84.32,18.58
2023-10-05,5.33,4.72,5.03,5.61,123.8993,4258.19,82.3,18.49
2023-10-06,5.33,4.78,5.08,5.63,123.3563,4308.5,82.83,17.45
2023-10-07,5.33,4.78,5.08,5.63,123.3563,4308.5,82.83,17.45
2023-10-08,5.33,4.78,5.08,5.63,123.3563,4308.5,82.83,17.45
2023-10-09,5.33,4.78,5.08,5.63,123.3563,4335.66,82.83,17.7
2023-10-10,5.33,4.66,4.96,5.61,122.9282,4358.24,85.89,17.03
2023-10-11,5.33,4.58,4.99,5.61,122.7697,4376.95,83.7,16.09
2023-10-12,5.33,4.7,5.06,5.63,123.2101,4349.61,82.87,16.69
2023-10-13,5.33,4.63,5.04,5.62,123.5954,4327.78,87.67,19.32
2023-10-14,5.33,4.63,5.04,5.62,123.5954,4327.78,87.67,19.32
2023-10-15,5.33,4.63,5.04,5.62,123.5954,4327.78,87.67,19.32
2023-10-16,5.33,4.71,5.09,5.61,123.3185,4373.63,86.65,17.21
2023-10-17,5.33,4.83,5.19,5.62,123.1202,4373.2,86.66,17.88
2023-10-18,5.33,4.91,5.19,5.61,123.8148,4314.6,88.35,19.22
2023-10-19,5.33,4.98,5.14,5.6,123.798,4278.0,89.35,21.4
2023-10-20,5.33,4.93,5.07,5.58,123.612,4224.16,89.12,21.71
2023-10-21,5.33,4.93,5.07,5.58,123.612,4224.16,89.12,21.71
2023-10-22,5.33,4.93,5.07,5.58,123.612,4224.16,89.12,21.71
2023-10-23,5.33,4.86,5.05,5.58,123.2846,4217.04,85.49,20.37
2023-10-24,5.33,4.83,5.02,5.58,123.6416,4247.68,84.58,18.97
2023-10-25,5.33,4.95,5.08,5.59,123.7871,4186.77,86.07,20.19
2023-10-26,5.33,4.86,5.02,5.59,124.0064,4137.23,83.8,20.68
2023-10-27,5.33,4.84,4.99,5.59,123.62,4117.37,86.04,21.27
2023-10-28,5.33,4.84,4.99,5.59,123.62,4117.37,86.04,21.27
2023-10-29,5.33,4.84,4.99,5.59,123.62,4117.37,86.04,21.27
2023-10-30,5.33,4.88,5.03,5.6,123.4076,4166.82,83.03,19.75
2023-10-31,5.33,4.88,5.07,5.59,123.8364,4193.8,81.64,18.14
2023-11-01,5.33,4.77,4.95,5.57,123.7922,4237.86,81.05,16.87
2023-11-02,5.33,4.67,4.98,5.54,122.8818,4317.78,83.04,15.66
2023-11-03,5.33,4.57,4.83,5.53,121.7564,4358.34,81.19,14.91
2023-11-04,5.33,4.57,4.83,5.53,121.7564,4358.34,81.19,14.91
2023-11-05,5.33,4.57,4.83,5.53,121.7564,4358.34,81.19,14.91
2023-11-06,5.33,4.67,4.93,5.56,121.6484,4365.98,81.54,14.89
2023-11-07,5.33,4.58,4.91,5.55,122.0777,4378.38,77.96,14.81
2023-11-08,5.33,4.49,4.93,5.54,122.0926,4382.78,75.85,14.45
2023-11-09,5.33,4.62,5.03,5.54,122.1281,4347.35,76.34,15.29
2023-11-10,5.33,4.61,5.04,5.53,122.1281,4415.24,76.34,14.17
2023-11-11,5.33,4.61,5.04,5.53,122.1281,4415.24,76.34,14.17
2023-11-12,5.33,4.61,5.04,5.53,122.1281,4415.24,76.34,14.17
2023-11-13,5.33,4.63,5.02,5.55,122.4264,4411.55,78.86,14.76
2023-11-14,5.33,4.44,4.8,5.52,121.35,4495.7,78.9,14.16
2023-11-15,5.33,4.53,4.9,5.53,121.0749,4502.88,77.15,14.18
2023-11-16,5.33,4.45,4.83,5.51,121.1754,4508.24,73.5,14.32
2023-11-17,5.33,4.44,4.88,5.5,120.8477,4514.02,76.47,13.8
2023-11-18,5.33,4.44,4.88,5.5,120.8477,4514.02,76.47,13.8
2023-11-19,5.33,4.44,4.88,5.5,120.8477,4514.02,76.47,13.8
2023-11-20,5.33,4.42,4.89,5.54,120.2533,4547.38,78.1,13.41
2023-11-21,5.33,4.41,4.86,5.53,120.2241,4538.19,78.35,13.35
2023-11-22,5.33,4.42,4.89,5.54,120.6802,4556.62,76.8,12.85
2023-11-23,5.33,4.42,4.89,5.54,120.6802,4556.62,76.8,12.8
2023-11-24,5.33,4.47,4.92,5.54,120.2105,4559.34,74.83,12.46
2023-11-25,5.33,4.47,4.92,5.54,120.2105,4559.34,74.83,12.46
2023-11-26,5.33,4.47,4.92,5.54,120.2105,4559.34,74.83,12.46
2023-11-27,5.33,4.39,4.84,5.49,120.173,4550.43,74.46,12.69
2023-11-28,5.33,4.34,4.73,5.47,119.5904,4554.89,76.09,12.69
2023-11-29,5.33,4.27,4.64,5.45,119.8159,4550.58,77.56,12.98
2023-11-30,5.33,4.37,4.73,5.45,120.2434,4567.8,75.66,12.92
2023-12-01,5.33,4.22,4.56,5.43,119.9424,4594.63,73.7,12.63
2023-12-02,5.33,4.22,4.56,5.43,119.9424,4594.63,73.7,12.63
2023-12-03,5.33,4.22,4.56,5.43,119.9424,4594.63,73.7,12.63
2023-12-04,5.33,4.28,4.64,5.46,120.4727,4569.78,72.73,13.08
2023-12-05,5.33,4.18,4.57,5.45,120.7913,4567.18,71.95,12.85
2023-12-06,5.33,4.12,4.6,5.45,120.5334,4549.34,68.98,12.97
2023-12-07,5.33,4.14,4.58,5.44,120.6013,4585.59,69.0,13.06
2023-12-08,5.33,4.23,4.71,5.44,120.7607,4604.37,70.87,12.35
2023-12-09,5.33,4.23,4.71,5.44,120.7607,4604.37,70.87,12.35
2023-12-10,5.33,4.23,4.71,5.44,120.7607,4604.37,70.87,12.35
2023-12-11,5.33,4.23,4.71,5.47,120.9279,4622.44,70.95,12.63
2023-12-12,5.33,4.2,4.73,5.46,120.6817,4643.7,68.27,12.07
2023-12-13,5.33,4.04,4.46,5.44,121.1571,4707.09,69.09,12.19
2023-12-14,5.33,3.92,4.37,5.43,119.5683,4719.55,71.21,12.48
2023-12-15,5.33,3.91,4.44,5.44,119.7382,4719.19,71.05,12.28
2023-12-16,5.33,3.91,4.44,5.44,119.7382,4719.19,71.05,12.28
2023-12-17,5.33,3.91,4.44,5.44,119.7382,4719.19,71.05,12.28
2023-12-18,5.33,3.95,4.43,5.46,119.9102,4740.56,72.16,12.56
2023-12-19,5.33,3.93,4.41,5.43,119.4632,4768.37,73.23,12.53
2023-12-20,5.33,3.86,4.34,5.44,119.5435,4698.35,73.87,13.67
2023-12-21,5.33,3.89,4.33,5.42,119.3168,4746.75,73.59,13.65
2023-12-22,5.33,3.9,4.31,5.44,119.0625,4754.63,73.29,13.03
2023-12-23,5.33,3.9,4.31,5.44,119.0625,4754.63,73.29,13.03
2023-12-24,5.33,3.9,4.31,5.44,119.0625,4754.63,73.29,13.03
2023-12-25,5.33,3.9,4.31,5.44,119.0625,4754.63,73.29,13.03
2023-12-26,5.33,3.89,4.26,5.45,118.8875,4774.75,75.84,12.99
2023-12-27,5.33,3.79,4.2,5.44,118.4729,4781.58,74.31,12.43
2023-12-28,5.33,3.84,4.26,5.45,118.4104,4783.35,72.02,12.47
2023-12-29,5.33,3.88,4.23,5.4,118.4208,4769.83,71.89,12.45
2023-12-30,5.33,3.88,4.23,5.4,118.4208,4769.83,71.89,12.45
2023-12-31,5.33,3.88,4.23,5.4,118.4208,4769.83,71.89,12.45
2024-01-01,5.33,3.88,4.23,5.4,118.4208,4769.83,71.89,12.45
2024-01-02,5.33,3.95,4.33,5.46,119.2686,4742.83,70.62,13.2
2024-01-03,5.33,3.91,4.33,5.48,119.6958,4704.81,72.97,14.04
2024-01-04,5.33,3.99,4.38,5.48,119.6208,4688.68,72.38,14.13
2024-01-05,5.33,4.05,4.4,5.47,119.388,4697.24,74.0,13.35
2024-01-06,5.33,4.05,4.4,5.47,119.388,4697.24,74.0,13.35
2024-01-07,5.33,4.05,4.4,5.47,119.388,4697.24,74.0,13.35
2024-01-08,5.33,4.01,4.36,5.49,119.2506,4763.54,71.06,13.08
2024-01-09,5.33,4.02,4.36,5.47,119.6666,4756.5,72.43,12.76
2024-01-10,5.33,4.04,4.37,5.46,119.7614,4783.45,71.57,12.69
2024-01-11,5.33,3.98,4.26,5.46,119.8916,4780.24,72.15,12.44
2024-01-12,5.33,3.96,4.14,5.45,119.534,4783.83,72.94,12.7
2024-01-13,5.33,3.96,4.14,5.45,119.534,4783.83,72.94,12.7
2024-01-14,5.33,3.96,4.14,5.45,119.534,4783.83,72.94,12.7
2024-01-15,5.33,3.96,4.14,5.45,119.534,4783.83,72.94,13.25
2024-01-16,5.33,4.07,4.22,5.45,120.5759,4765.98,72.63,13.84
2024-01-17,5.33,4.1,4.34,5.47,121.0402,4739.21,72.79,14.79
2024-01-18,5.33,4.14,4.34,5.45,120.8895,4780.94,74.32,14.13
2024-01-19,5.33,4.15,4.39,5.45,120.6442,4839.81,73.69,13.3
2024-01-20,5.33,4.15,4.39,5.45,120.6442,4839.81,73.69,13.3
2024-01-21,5.33,4.15,4.39,5.45,120.6442,4839.81,73.69,13.3
2024-01-22,5.33,4.11,4.37,5.46,120.6178,4850.43,75.26,13.19
2024-01-23,5.33,4.14,4.31,5.45,121.1001,4864.6,74.72,12.55
2024-01-24,5.33,4.18,4.34,5.44,120.4916,4868.55,75.48,13.14
2024-01-25,5.33,4.14,4.28,5.44,120.8311,4894.16,77.91,13.45
2024-01-26,5.33,4.15,4.34,5.44,120.6173,4890.97,78.45,13.26
2024-01-27,5.33,4.15,4.34,5.44,120.6173,4890.97,78.45,13.26
2024-01-28,5.33,4.15,4.34,5.44,120.6173,4890.97,78.45,13.26
2024-01-29,5.33,4.08,4.29,5.42,120.8538,4927.93,77.25,13.6
2024-01-30,5.33,4.06,4.36,5.42,120.6025,4924.97,78.3,13.31
2024-01-31,5.33,3.99,4.27,5.42,120.4331,4845.65,76.28,14.35
2024-02-01,5.33,3.87,4.2,5.42,120.3335,4906.19,74.36,13.88
2024-02-02,5.33,4.03,4.36,5.43,120.902,4958.61,72.72,13.85
2024-02-03,5.33,4.03,4.36,5.43,120.902,4958.61,72.72,13.85
2024-02-04,5.33,4.03,4.36,5.43,120.902,4958.61,72.72,13.85
2024-02-05,5.33,4.17,4.46,5.42,121.349,4942.81,73.21,13.67
2024-02-06,5.33,4.09,4.39,5.44,120.9588,4954.23,73.83,13.06
2024-02-07,5.33,4.09,4.41,5.43,120.9049,4995.06,74.26,12.83
2024-02-08,5.33,4.15,4.46,5.44,121.0798,4997.91,76.67,12.79
2024-02-09,5.33,4.17,4.48,5.44,121.039,5026.61,77.26,12.93
2024-02-10,5.33,4.17,4.48,5.44,121.039,5026.61,77.26,12.93
2024-02-11,5.33,4.17,4.48,5.44,121.039,5026.61,77.26,12.93
2024-02-12,5.33,4.17,4.46,5.43,120.9378,5021.84,77.34,13.93
2024-02-13,5.33,4.31,4.64,5.45,121.5202,4953.17,78.28,15.85
2024-02-14,5.33,4.27,4.56,5.43,121.4002,5000.62,77.09,14.38
2024-02-15,5.33,4.24,4.56,5.43,121.2121,5029.73,78.47,14.01
2024-02-16,5.33,4.3,4.64,5.44,121.1505,5005.57,79.65,14.24
2024-02-17,5.33,4.3,4.64,5.44,121.1505,5005.57,79.65,14.24
2024-02-18,5.33,4.3,4.64,5.44,121.1505,5005.57,79.65,14.24
2024-02-19,5.33,4.3,4.64,5.44,121.1505,5005.57,79.65,14.71
2024-02-20,5.33,4.27,4.59,5.44,121.0199,4975.51,78.72,15.42
2024-02-21,5.33,4.32,4.64,5.44,121.0379,4981.8,78.89,15.34
2024-02-22,5.33,4.33,4.69,5.45,121.102,5087.03,79.64,14.54
2024-02-23,5.33,4.26,4.67,5.46,121.0369,5088.8,77.6,13.75
2024-02-24,5.33,4.26,4.67,5.46,121.0369,5088.8,77.6,13.75
2024-02-25,5.33,4.26,4.67,5.46,121.0369,5088.8,77.6,13.75
2024-02-26,5.33,4.28,4.69,5.47,121.0592,5069.53,78.53,13.74
2024-02-27,5.33,4.31,4.7,5.45,120.9647,5078.18,79.8,13.43
2024-02-28,5.33,4.27,4.64,5.45,121.128,5069.76,79.44,13.84
2024-02-29,5.33,4.25,4.64,5.45,121.1824,5096.27,79.22,13.4
2024-03-01,5.33,4.19,4.54,5.42,121.0111,5137.08,80.9,13.11
2024-03-02,5.33,4.19,4.54,5.42,121.0111,5137.08,80.9,13.11
2024-03-03,5.33,4.19,4.54,5.42,121.0111,5137.08,80.9,13.11
2024-03-04,5.33,4.22,4.61,5.48,120.872,5130.95,79.67,13.49
2024-03-05,5.33,4.13,4.54,5.47,120.8846,5078.65,79.11,14.46
2024-03-06,5.33,4.11,4.55,5.47,120.4649,5104.76,80.08,14.5
2024-03-07,5.33,4.09,4.5,5.47,120.1909,5157.36,79.81,14.44
2024-03-08,5.33,4.09,4.48,5.46,119.975,5123.69,78.96,14.74
2024-03-09,5.33,4.09,4.48,5.46,119.975,5123.69,78.96,14.74
2024-03-10,5.33,4.09,4.48,5.46,119.975,5123.69,78.96,14.74
2024-03-11,5.33,4.1,4.51,5.48,120.0394,5117.94,78.87,15.22
2024-03-12,5.33,4.16,4.58,5.48,120.1668,5175.27,78.51,13.84
2024-03-13,5.33,4.19,4.61,5.48,119.9642,5165.31,80.67,13.75
2024-03-14,5.33,4.29,4.68,5.48,120.241,5150.48,82.16,14.4
2024-03-15,5.33,4.31,4.72,5.48,120.4003,5117.09,81.94,14.41
2024-03-16,5.33,4.31,4.72,5.48,120.4003,5117.09,81.94,14.41
2024-03-17,5.33,4.31,4.72,5.48,120.4003,5117.09,81.94,14.41
2024-03-18,5.33,4.34,4.73,5.48,120.5752,5149.42,83.68,14.33
2024-03-19,5.33,4.3,4.68,5.48,120.9332,5178.51,84.39,13.82
2024-03-20,5.33,4.27,4.59,5.47,120.9289,5224.62,82.79,13.04
2024-03-21,5.33,4.27,4.62,5.48,120.8086,5241.53,81.99,12.92
2024-03-22,5.33,4.22,4.59,5.46,121.1842,5234.18,81.1,13.06
2024-03-23,5.33,4.22,4.59,5.46,121.1842,5234.18,81.1,13.06
2024-03-24,5.33,4.22,4.59,5.46,121.1842,5234.18,81.1,13.06
2024-03-25,5.33,4.25,4.54,5.46,121.0295,5218.19,82.41,13.19
2024-03-26,5.33,4.24,4.56,5.46,121.0742,5203.58,82.41,13.24
2024-03-27,5.33,4.2,4.54,5.45,121.0089,5248.49,82.15,12.78
2024-03-28,5.33,4.2,4.59,5.46,121.0635,5254.35,83.96,13.01
2024-03-29,5.33,4.2,4.59,5.46,121.0191,5254.35,83.96,13.01
2024-03-30,5.33,4.2,4.59,5.46,121.0191,5254.35,83.96,13.01
2024-03-31,5.33,4.2,4.59,5.46,121.0191,5254.35,83.96,13.01
2024-04-01,5.33,4.33,4.72,5.44,121.5151,5243.77,84.54,13.65
2024-04-02,5.33,4.36,4.7,5.42,121.3035,5205.81,85.95,14.61
2024-04-03,5.33,4.36,4.68,5.42,121.0198,5211.49,86.22,14.33
2024-04-04,5.33,4.31,4.65,5.41,120.7613,5147.21,87.37,16.35
2024-04-05,5.33,4.39,4.73,5.43,120.9646,5204.34,87.69,16.03
2024-04-06,5.33,4.39,4.73,5.43,120.9646,5204.34,87.69,16.03
2024-04-07,5.33,4.39,4.73,5.43,120.9646,5204.34,87.69,16.03
2024-04-08,5.33,4.42,4.78,5.43,120.7359,5202.39,87.24,15.19
2024-04-09,5.33,4.36,4.74,5.43,120.7048,5209.91,86.04,14.98
2024-04-10,5.33,4.55,4.97,5.45,121.5727,5160.64,86.98,15.8
2024-04-11,5.33,4.56,4.93,5.45,121.6081,5199.06,85.79,14.91
2024-04-12,5.33,4.5,4.88,5.45,122.2885,5123.41,86.46,17.31
2024-04-13,5.33,4.5,4.88,5.45,122.2885,5123.41,86.46,17.31
2024-04-14,5.33,4.5,4.88,5.45,122.2885,5123.41,86.46,17.31
2024-04-15,5.33,4.63,4.93,5.45,122.425,5061.82,86.21,19.23
2024-04-16,5.33,4.67,4.97,5.45,123.1234,5051.41,86.15,18.4
2024-04-17,5.33,4.59,4.93,5.45,123.0207,5022.21,83.58,18.21
2024-04-18,5.33,4.64,4.98,5.46,123.0017,5011.12,83.5,18.0
2024-04-19,5.33,4.62,4.97,5.45,123.1075,4967.23,83.79,18.71
2024-04-20,5.33,4.62,4.97,5.45,123.1075,4967.23,83.79,18.71
2024-04-21,5.33,4.62,4.97,5.45,123.1075,4967.23,83.79,18.71
2024-04-22,5.33,4.62,4.97,5.42,123.0609,5010.6,83.82,16.94
2024-04-23,5.33,4.61,4.86,5.45,122.7227,5070.55,84.17,15.69
2024-04-24,5.33,4.65,4.89,5.46,122.89,5071.63,84.09,15.97
2024-04-25,5.33,4.7,4.96,5.47,122.8384,5048.42,84.92,15.37
2024-04-26,5.33,4.67,4.96,5.46,122.9471,5099.96,85.38,15.03
2024-04-27,5.33,4.67,4.96,5.46,122.9471,5099.96,85.38,15.03
2024-04-28,5.33,4.67,4.96,5.46,122.9471,5099.96,85.38,15.03
2024-04-29,5.33,4.63,4.97,5.45,122.5449,5116.17,84.26,14.67
2024-04-30,5.33,4.69,5.04,5.46,122.9853,5035.69,83.49,15.65
2024-05-01,5.33,4.63,4.96,5.46,123.0168,5018.39,80.7,15.39
2024-05-02,5.33,4.58,4.87,5.46,122.4384,5064.2,80.59,14.68
2024-05-03,5.33,4.5,4.81,5.45,122.1375,5127.79,79.65,13.49
2024-05-04,5.33,4.5,4.81,5.45,122.1375,5127.79,79.65,13.49
2024-05-05,5.33,4.5,4.81,5.45,122.1375,5127.79,79.65,13.49
2024-05-06,5.33,4.49,4.82,5.45,121.8913,5180.74,80.1,13.49
2024-05-07,5.33,4.47,4.82,5.45,122.093,5187.7,79.97,13.23
2024-05-08,5.33,4.48,4.84,5.45,122.1926,5187.67,80.57,13.0
2024-05-09,5.33,4.45,4.8,5.46,122.1634,5214.08,80.86,12.69
2024-05-10,5.33,4.5,4.87,5.47,122.014,5222.68,79.81,12.55
2024-05-11,5.33,4.5,4.87,5.47,122.014,5222.68,79.81,12.55
2024-05-12,5.33,4.5,4.87,5.47,122.014,5222.68,79.81,12.55
2024-05-13,5.33,4.48,4.85,5.45,122.0261,5221.42,80.71,13.6
2024-05-14,5.33,4.45,4.81,5.44,121.9256,5246.68,79.62,13.42
2024-05-15,5.33,4.36,4.73,5.45,121.3543,5308.15,80.23,12.45
2024-05-16,5.33,4.38,4.78,5.45,121.2236,5297.1,80.85,12.42
2024-05-17,5.33,4.42,4.83,5.46,121.2354,5303.27,81.66,11.99
2024-05-18,5.33,4.42,4.83,5.46,121.2354,5303.27,81.66,11.99
2024-05-19,5.33,4.42,4.83,5.46,121.2354,5303.27,81.66,11.99
2024-05-20,5.33,4.44,4.82,5.45,121.2289,5308.13,81.39,12.15
2024-05-21,5.33,4.41,4.82,5.45,121.3793,5321.41,80.66,11.86
2024-05-22,5.33,4.43,4.86,5.45,121.5462,5307.01,79.15,12.29
2024-05-23,5.33,4.47,4.91,5.46,121.7477,5267.84,77.47,12.77
2024-05-24,5.33,4.46,4.93,5.46,121.6172,5304.72,78.48,11.93
2024-05-25,5.33,4.46,4.93,5.46,121.6172,5304.72,78.48,11.93
2024-05-26,5.33,4.46,4.93,5.46,121.6172,5304.72,78.48,11.93
2024-05-27,5.33,4.46,4.93,5.46,121.6172,5304.72,78.48,12.36
2024-05-28,5.33,4.54,4.94,5.46,121.43,5306.04,80.9,12.92
2024-05-29,5.33,4.61,4.96,5.46,122.1641,5266.95,80.24,14.28
2024-05-30,5.33,4.55,4.92,5.46,121.9601,5235.48,78.96,14.47
2024-05-31,5.33,4.51,4.89,5.46,122.098,5277.51,77.97,12.92
2024-06-01,5.33,4.51,4.89,5.46,122.098,5277.51,77.97,12.92
2024-06-02,5.33,4.51,4.89,5.46,122.098,5277.51,77.97,12.92
2024-06-03,5.33,4.41,4.82,5.52,122.3509,5283.4,75.26,13.11
2024-06-04,5.33,4.33,4.77,5.52,122.7256,5291.34,74.27,13.16
2024-06-05,5.33,4.29,4.72,5.51,122.5339,5354.03,75.08,12.63
2024-06-06,5.33,4.28,4.72,5.51,122.3713,5352.96,76.52,12.58
2024-06-07,5.33,4.43,4.87,5.52,123.549,5346.99,76.53,12.22
2024-06-08,5.33,4.43,4.87,5.52,123.549,5346.99,76.53,12.22
2024-06-09,5.33,4.43,4.87,5.52,123.549,5346.99,76.53,12.22
2024-06-10,5.33,4.47,4.87,5.52,123.9125,5360.79,78.75,12.74
2024-06-11,5.33,4.39,4.81,5.52,124.0349,5375.32,78.88,12.85
2024-06-12,5.33,4.31,4.75,5.51,123.8295,5421.03,79.56,12.04
2024-06-13,5.33,4.24,4.68,5.51,124.0235,5433.74,79.61,11.94
2024-06-14,5.33,4.2,4.67,5.51,124.1694,5431.6,79.41,12.66
2024-06-15,5.33,4.2,4.67,5.51,124.1694,5431.6,79.41,12.66
2024-06-16,5.33,4.2,4.67,5.51,124.1694,5431.6,79.41,12.66
2024-06-17,5.33,4.28,4.75,5.52,124.239,5473.23,81.33,12.75
2024-06-18,5.33,4.22,4.69,5.5,123.9776,5487.03,82.67,12.3
2024-06-19,5.33,4.22,4.69,5.5,123.9776,5487.03,82.67,12.48
2024-06-20,5.33,4.25,4.7,5.5,124.192,5473.17,83.34,13.28
2024-06-21,5.33,4.25,4.7,5.49,124.1086,5464.62,81.71,13.2
2024-06-22,5.33,4.25,4.7,5.49,124.1086,5464.62,81.71,13.2
2024-06-23,5.33,4.25,4.7,5.49,124.1086,5464.62,81.71,13.2
2024-06-24,5.33,4.25,4.71,5.5,123.7125,5447.87,82.63,13.33
2024-06-25,5.33,4.23,4.65,5.49,123.9417,5469.3,81.97,12.84
2024-06-26,5.33,4.32,4.71,5.5,124.26,5477.9,82.19,12.55
2024-06-27,5.33,4.29,4.7,5.49,124.3379,5482.87,83.04,12.24
2024-06-28,5.33,4.36,4.71,5.48,124.2103,5460.48,82.83,12.44
2024-06-29,5.33,4.36,4.71,5.48,124.2103,5460.48,82.83,12.44
2024-06-30,5.33,4.36,4.71,5.48,124.2103,5460.48,82.83,12.44
2024-07-01,5.33,4.48,4.77,5.47,124.4667,5475.09,84.7,12.22
2024-07-02,5.33,4.43,4.74,5.47,124.2917,5509.01,84.09,12.03
2024-07-03,5.33,4.36,4.71,5.47,123.7768,5537.02,85.19,12.09
2024-07-04,5.33,4.36,4.71,5.47,123.7768,5537.02,85.19,12.26
2024-07-05,5.33,4.28,4.6,5.46,123.4762,5567.19,84.44,12.48
2024-07-06,5.33,4.28,4.6,5.46,123.4762,5567.19,84.44,12.48
2024-07-07,5.33,4.28,4.6,5.46,123.4762,5567.19,84.44,12.48
2024-07-08,5.33,4.28,4.62,5.46,123.3576,5572.85,83.63,12.37
2024-07-09,5.33,4.3,4.62,5.46,123.4071,5576.98,82.78,12.51
2024-07-10,5.33,4.28,4.62,5.46,123.1895,5633.91,83.39,12.85
2024-07-11,5.33,4.2,4.5,5.44,122.769,5584.54,83.92,12.92
2024-07-12,5.33,4.18,4.45,5.43,122.4404,5615.35,83.49,12.46
2024-07-13,5.33,4.18,4.45,5.43,122.4404,5615.35,83.49,12.46
2024-07-14,5.33,4.18,4.45,5.43,122.4404,5615.35,83.49,12.46
2024-07-15,5.33,4.23,4.44,5.43,122.6347,5631.22,83.22,13.12
2024-07-16,5.33,4.17,4.43,5.43,122.7264,5667.2,81.92,13.19
2024-07-17,5.33,4.16,4.42,5.43,122.518,5588.27,84.16,14.48
2024-07-18,5.33,4.2,4.46,5.43,122.7909,5544.59,84.17,15.93
2024-07-19,5.33,4.25,4.49,5.43,123.147,5505.0,81.43,16.52
2024-07-20,5.33,4.25,4.49,5.43,123.147,5505.0,81.43,16.52
2024-07-21,5.33,4.25,4.49,5.43,123.147,5505.0,81.43,16.52
2024-07-22,5.33,4.26,4.5,5.43,123.2172,5564.41,81.25,14.91
2024-07-23,5.33,4.25,4.4,5.41,123.3843,5555.74,78.24,14.72
2024-07-24,5.33,4.28,4.37,5.4,123.5575,5427.13,78.78,18.04
2024-07-25,5.33,4.27,4.41,5.39,123.5286,5399.22,79.43,18.46
2024-07-26,5.33,4.2,4.36,5.38,123.672,5459.1,78.58,16.39
2024-07-27,5.33,4.2,4.36,5.38,123.672,5459.1,78.58,16.39
2024-07-28,5.33,4.2,4.36,5.38,123.672,5459.1,78.58,16.39
2024-07-29,5.33,4.17,4.36,5.41,124.1392,5463.54,77.27,16.6
2024-07-30,5.33,4.15,4.35,5.4,124.2855,5436.44,76.17,17.69
2024-07-31,5.33,4.09,4.29,5.41,123.6373,5522.3,79.36,16.36
2024-08-01,5.33,3.99,4.16,5.37,123.8693,5446.68,77.74,18.59
2024-08-02,5.33,3.8,3.88,5.29,123.4681,5346.56,74.99,23.39
2024-08-03,5.33,3.8,3.88,5.29,123.4681,5346.56,74.99,23.39
2024-08-04,5.33,3.8,3.88,5.29,123.4681,5346.56,74.99,23.39
2024-08-05,5.33,3.78,3.89,5.35,123.5787,5186.33,74.46,38.57
2024-08-06,5.33,3.9,3.99,5.34,123.6532,5240.03,74.6,27.71
2024-08-07,5.33,3.96,4.0,5.34,123.5698,5199.5,76.68,27.85
2024-08-08,5.33,3.99,4.04,5.34,123.4466,5319.31,77.64,23.79
2024-08-09,5.33,3.94,4.05,5.33,122.9276,5344.16,78.28,20.37
2024-08-10,5.33,3.94,4.05,5.33,122.9276,5344.16,78.28,20.37
2024-08-11,5.33,3.94,4.05,5.33,122.9276,5344.16,78.28,20.37
2024-08-12,5.33,3.9,4.01,5.33,123.2204,5344.39,81.45,20.71
2024-08-13,5.33,3.85,3.93,5.32,123.0146,5434.43,79.81,18.12
2024-08-14,5.33,3.83,3.94,5.32,122.4297,5455.21,78.47,16.19
2024-08-15,5.33,3.92,4.08,5.34,122.5844,5543.22,79.66,15.23
2024-08-16,5.33,3.89,4.06,5.33,122.3972,5554.25,78.05,14.8
2024-08-17,5.33,3.89,4.06,5.33,122.3972,5554.25,78.05,14.8
2024-08-18,5.33,3.89,4.06,5.33,122.3972,5554.25,78.05,14.8
2024-08-19,5.33,3.86,4.06,5.31,121.8788,5608.25,75.82,14.65
2024-08-20,5.33,3.82,3.99,5.29,121.7728,5597.12,75.27,15.88
2024-08-21,5.33,3.79,3.92,5.26,121.8535,5620.85,72.76,16.27
2024-08-22,5.33,3.86,3.99,5.28,122.3626,5570.64,73.72,17.55
2024-08-23,5.33,3.81,3.9,5.25,121.4597,5634.61,75.82,15.86
2024-08-24,5.33,3.81,3.9,5.25,121.4597,5634.61,75.82,15.86
2024-08-25,5.33,3.81,3.9,5.25,121.4597,5634.61,75.82,15.86
2024-08-26,5.33,3.82,3.91,5.24,121.6943,5616.84,78.4,16.15
2024-08-27,5.33,3.83,3.83,5.23,121.8672,5625.8,76.5,15.43
2024-08-28,5.33,3.84,3.83,5.21,121.8943,5592.18,75.49,17.11
2024-08-29,5.33,3.87,3.87,5.22,122.2333,5591.96,76.9,15.65
2024-08-30,5.33,3.91,3.91,5.21,122.3262,5648.4,74.52,15.0
2024-08-31,5.33,3.91,3.91,5.21,122.3262,5648.4,74.52,15.0
2024-09-01,5.33,3.91,3.91,5.21,122.3262,5648.4,74.52,15.0
2024-09-02,5.33,3.91,3.91,5.21,122.3262,5648.4,74.52,15.55
2024-09-03,5.33,3.84,3.88,5.19,122.7811,5528.93,71.28,20.72
2024-09-04,5.33,3.77,3.76,5.18,122.5144,5520.07,70.11,21.32
2024-09-05,5.33,3.73,3.75,5.15,122.4533,5503.41,70.09,19.9
2024-09-06,5.33,3.72,3.66,5.13,122.4991,5408.42,68.58,22.38
2024-09-07,5.33,3.72,3.66,5.13,122.4991,5408.42,68.58,22.38
2024-09-08,5.33,3.72,3.66,5.13,122.4991,5408.42,68.58,22.38
2024-09-09,5.33,3.7,3.68,5.11,122.7156,5471.05,69.65,19.45
2024-09-10,5.33,3.65,3.59,5.06,123.0071,5495.52,66.73,19.08
2024-09-11,5.33,3.65,3.62,5.1,122.7754,5554.13,68.25,17.69
2024-09-12,5.33,3.68,3.64,5.06,122.4423,5595.76,69.89,17.07
2024-09-13,5.33,3.66,3.57,4.97,121.6551,5626.02,69.59,16.56
2024-09-14,5.33,3.66,3.57,4.97,121.6551,5626.02,69.59,16.56
2024-09-15,5.33,3.66,3.57,4.97,121.6551,5626.02,69.59,16.56
2024-09-16,5.33,3.63,3.56,4.96,121.4976,5633.09,71.1,17.14
2024-09-17,5.33,3.65,3.59,4.95,121.6031,5634.58,72.16,17.61
2024-09-18,5.33,3.7,3.61,4.84,121.5618,5618.26,71.87,18.23
2024-09-19,4.83,3.73,3.59,4.8,121.3059,5713.64,72.86,16.33
2024-09-20,4.83,3.73,3.55,4.75,121.4052,5702.55,72.72,16.15
2024-09-21,4.83,3.73,3.55,4.75,121.4052,5702.55,72.72,16.15
2024-09-22,4.83,3.73,3.55,4.75,121.4052,5702.55,72.72,16.15
2024-09-23,4.83,3.75,3.57,4.72,121.4303,5718.57,71.33,15.89
2024-09-24,4.83,3.74,3.49,4.69,121.1291,5732.93,72.34,15.39
2024-09-25,4.83,3.79,3.53,4.69,121.4447,5722.26,70.42,15.41
2024-09-26,4.83,3.79,3.6,4.68,121.0785,5745.37,68.28,15.37
2024-09-27,4.83,3.75,3.55,4.68,121.1111,5738.17,68.72,16.96
2024-09-28,4.83,3.75,3.55,4.68,121.1111,5738.17,68.72,16.96
2024-09-29,4.83,3.75,3.55,4.68,121.1111,5738.17,68.72,16.96
2024-09-30,4.83,3.81,3.66,4.73,121.2864,5762.48,68.75,16.73
2024-10-01,4.83,3.74,3.61,4.71,121.6881,5708.75,70.41,19.26
2024-10-02,4.83,3.79,3.63,4.69,121.5724,5709.54,70.74,18.9
2024-10-03,4.83,3.85,3.7,4.68,122.1197,5699.94,74.33,20.49
2024-10-04,4.83,3.98,3.93,4.73,122.2197,5751.07,74.93,19.21
2024-10-05,4.83,3.98,3.93,4.73,122.2197,5751.07,74.93,19.21
2024-10-06,4.83,3.98,3.93,4.73,122.2197,5751.07,74.93,19.21
2024-10-07,4.83,4.03,3.99,4.77,122.4241,5695.94,77.76,22.64
2024-10-08,4.83,4.04,3.98,4.75,122.6625,5751.13,74.26,21.42
2024-10-09,4.83,4.06,3.99,4.75,122.8821,5792.04,73.85,20.86
2024-10-10,4.83,4.09,3.98,4.75,123.0951,5780.05,76.46,20.93
2024-10-11,4.83,4.08,3.95,4.73,122.9805,5815.03,76.11,20.46
2024-10-12,4.83,4.08,3.95,4.73,122.9805,5815.03,76.11,20.46
2024-10-13,4.83,4.08,3.95,4.73,122.9805,5815.03,76.11,20.46
2024-10-14,4.83,4.08,3.95,4.73,122.9805,5859.85,76.11,19.7
2024-10-15,4.83,4.03,3.95,4.73,123.5124,5815.26,71.22,20.64
2024-10-16,4.83,4.02,3.93,4.72,123.9235,5842.47,70.97,19.58
2024-10-17,4.83,4.09,3.96,4.74,124.1122,5841.47,71.26,19.11
2024-10-18,4.83,4.08,3.95,4.73,123.9185,5864.67,69.78,18.03
2024-10-19,4.83,4.08,3.95,4.73,123.9185,5864.67,69.78,18.03
2024-10-20,4.83,4.08,3.95,4.73,123.9185,5864.67,69.78,18.03
2024-10-21,4.83,4.19,4.02,4.73,124.4757,5853.98,71.16,18.37
2024-10-22,4.83,4.2,4.03,4.72,124.4107,5851.2,72.84,18.2
2024-10-23,4.83,4.24,4.07,4.73,124.6931,5797.42,71.37,19.24
2024-10-24,4.83,4.21,4.07,4.7,124.5127,5809.86,70.58,19.08
2024-10-25,4.83,4.25,4.11,4.73,124.6105,5808.12,72.02,20.33
2024-10-26,4.83,4.25,4.11,4.73,124.6105,5808.12,72.02,20.33
2024-10-27,4.83,4.25,4.11,4.73,124.6105,5808.12,72.02,20.33
2024-10-28,4.83,4.28,4.12,4.7,124.8076,5823.52,67.65,19.8
2024-10-29,4.83,4.28,4.11,4.7,124.8612,5832.92,67.48,19.34
2024-10-30,4.83,4.29,4.15,4.67,124.8153,5813.67,68.91,20.35
2024-10-31,4.83,4.28,4.16,4.64,124.7988,5705.45,69.58,23.16
2024-11-01,4.83,4.37,4.21,4.61,124.8076,5728.8,69.81,21.88
2024-11-02,4.83,4.37,4.21,4.61,124.8076,5728.8,69.81,21.88
2024-11-03,4.83,4.37,4.21,4.61,124.8076,5728.8,69.81,21.88
2024-11-04,4.83,4.31,4.17,4.65,124.5903,5712.69,71.83,21.98
2024-11-05,4.83,4.26,4.19,4.64,124.5532,5782.76,72.26,20.49
2024-11-06,4.83,4.42,4.27,4.64,125.7035,5929.04,71.98,16.27
2024-11-07,4.83,4.31,4.21,4.63,124.775,5973.1,72.69,15.2
2024-11-08,4.58,4.3,4.26,4.63,125.5811,5995.54,70.69,14.94
2024-11-09,4.58,4.3,4.26,4.63,125.5811,5995.54,70.69,14.94
2024-11-10,4.58,4.3,4.26,4.63,125.5811,5995.54,70.69,14.94
2024-11-11,4.58,4.3,4.26,4.63,125.5811,6001.35,70.69,14.97
2024-11-12,4.58,4.43,4.34,4.63,126.7762,5983.99,68.43,14.71
2024-11-13,4.58,4.44,4.27,4.6,126.9572,5985.38,68.76,14.02
2024-11-14,4.58,4.43,4.34,4.61,127.0015,5949.17,68.99,14.31
2024-11-15,4.58,4.43,4.31,4.6,126.8848,5870.62,67.33,16.14
2024-11-16,4.58,4.43,4.31,4.6,126.8848,5870.62,67.33,16.14
2024-11-17,4.58,4.43,4.31,4.6,126.8848,5870.62,67.33,16.14
2024-11-18,4.58,4.42,4.29,4.63,126.6045,5893.62,69.46,15.58
2024-11-19,4.58,4.39,4.27,4.62,126.3994,5916.98,69.75,16.35
2024-11-20,4.58,4.41,4.31,4.62,126.88,5917.11,69.25,17.16
2024-11-21,4.58,4.43,4.34,4.63,127.1047,5948.71,70.39,16.87
2024-11-22,4.58,4.41,4.37,4.63,127.4712,5969.34,71.68,15.24
2024-11-23,4.58,4.41,4.37,4.63,127.4712,5969.34,71.68,15.24
2024-11-24,4.58,4.41,4.37,4.63,127.4712,5969.34,71.68,15.24
2024-11-25,4.58,4.27,4.21,4.62,126.9948,5987.37,69.41,14.6
2024-11-26,4.58,4.3,4.21,4.61,127.4301,6021.63,69.05,14.1
2024-11-27,4.58,4.25,4.19,4.6,126.8205,5998.74,69.03,14.1
2024-11-28,4.58,4.25,4.19,4.6,126.8205,5998.74,69.03,13.9
2024-11-29,4.58,4.18,4.13,4.58,126.5798,6032.38,68.26,13.51
2024-11-30,4.58,4.18,4.13,4.58,126.5798,6032.38,68.26,13.51
2024-12-01,4.58,4.18,4.13,4.58,126.5798,6032.38,68.26,13.51
2024-12-02,4.58,4.19,4.17,4.51,127.1272,6047.15,68.35,13.34
2024-12-03,4.58,4.23,4.17,4.49,126.9565,6049.88,70.15,13.3
2024-12-04,4.58,4.19,4.13,4.47,126.7574,6086.49,68.81,13.45
2024-12-05,4.58,4.17,4.15,4.46,126.4286,6075.11,68.58,13.54
2024-12-06,4.58,4.15,4.1,4.42,126.688,6090.27,68.58,12.77
2024-12-07,4.58,4.15,4.1,4.42,126.688,6090.27,68.58,12.77
2024-12-08,4.58,4.15,4.1,4.42,126.688,6090.27,68.58,12.77
2024-12-09,4.58,4.2,4.13,4.42,126.5981,6052.85,68.65,14.19
2024-12-10,4.58,4.22,4.15,4.41,126.957,6034.91,68.85,14.18
2024-12-11,4.58,4.26,4.15,4.38,126.8483,6084.19,70.57,13.58
2024-12-12,4.58,4.32,4.18,4.35,126.9556,6051.25,70.25,13.92
2024-12-13,4.58,4.4,4.25,4.34,127.3096,6051.09,71.54,13.81
2024-12-14,4.58,4.4,4.25,4.34,127.3096,6051.09,71.54,13.81
2024-12-15,4.58,4.4,4.25,4.34,127.3096,6051.09,71.54,13.81
2024-12-16,4.58,4.39,4.25,4.37,127.2687,6074.08,71.03,14.69
2024-12-17,4.58,4.4,4.25,4.38,127.5043,6050.61,70.31,15.87
2024-12-18,4.58,4.5,4.35,4.36,127.6418,5872.16,70.8,27.62
2024-12-19,4.33,4.57,4.32,4.35,128.6366,5867.08,70.1,24.09
2024-12-20,4.33,4.52,4.3,4.34,127.893,5930.85,69.71,18.36
2024-12-21,4.33,4.52,4.3,4.34,127.893,5930.85,69.71,18.36
2024-12-22,4.33,4.52,4.3,4.34,127.893,5930.85,69.71,18.36
2024-12-23,4.33,4.59,4.3,4.36,128.3021,5974.07,69.5,16.78
2024-12-24,4.33,4.59,4.29,4.4,128.3377,6040.04,70.87,14.27
2024-12-25,4.33,4.59,4.29,4.4,128.3377,6040.04,70.87,14.27
2024-12-26,4.33,4.58,4.3,4.35,128.3329,6037.59,70.38,14.73
2024-12-27,4.33,4.62,4.31,4.31,128.45,5970.84,71.28,15.95
2024-12-28,4.33,4.62,4.31,4.31,128.45,5970.84,71.28,15.95
2024-12-29,4.33,4.62,4.31,4.31,128.45,5970.84,71.28,15.95
2024-12-30,4.33,4.55,4.24,4.37,128.8205,5906.94,71.73,17.4
2024-12-31,4.33,4.58,4.25,4.37,129.2775,5881.63,72.44,17.35
